,18-19,20-24,25-29,30-34,35-39,40-44,45-49,50-54,55-59,60-64,65-69,70+,TOTAL,,
NSW,"140,021","411,708","417,152","428,741","449,127","435,468","470,027","431,169","455,124","415,859","373,196","871,014","5,298,606",,1
BANKS                    ,"2,897","8,550","8,005","8,168","8,738","8,622","9,381","9,072","9,657","8,422","6,910","17,942","106,364",1,
Female,"1,434","4,191","3,926","4,062","4,386","4,441","4,908","4,712","4,876","4,269","3,568","10,088","54,861",,
Male,"1,460","4,355","4,077","4,104","4,352","4,181","4,473","4,360","4,781","4,153","3,342","7,854","51,492",,
Indeterminate/Unknown,3,4,2,2, - , - , - , - , - , - , - , - ,11,,
BARTON                   ,"2,492","8,246","8,816","9,842","10,378","9,583","9,966","8,988","9,005","7,622","6,620","17,519","109,077",1,
Female,"1,252","4,124","4,270","4,841","5,107","4,803","5,064","4,631","4,557","3,900","3,394","9,394","55,337",,
Male,"1,237","4,117","4,539","4,997","5,269","4,778","4,902","4,355","4,448","3,720","3,226","8,125","53,713",,
Indeterminate/Unknown,3,5,7,4,2,2, - ,2, - ,2, - , - ,27,,
BENNELONG                ,"2,979","8,904","8,622","8,981","10,024","9,339","9,707","9,157","9,452","8,233","6,894","16,580","108,872",1,
Female,"1,444","4,237","4,110","4,297","4,975","4,645","5,074","4,775","4,791","4,242","3,573","9,240","55,403",,
Male,"1,533","4,664","4,510","4,681","5,046","4,694","4,631","4,379","4,660","3,991","3,320","7,340","53,449",,
Indeterminate/Unknown,2,3,2,3,3, - ,2,3,1, - ,1, - ,20,,
BEROWRA                  ,"3,707","9,362","6,840","5,937","7,339","9,036","10,428","9,663","10,226","8,810","7,391","17,660","106,399",1,
Female,"1,809","4,464","3,239","2,948","3,840","4,691","5,450","5,057","5,185","4,457","3,789","9,475","54,404",,
Male,"1,896","4,897","3,597","2,989","3,498","4,345","4,977","4,606","5,041","4,352","3,602","8,185","51,985",,
Indeterminate/Unknown,2,1,4, - ,1, - ,1, - , - ,1, - , - ,10,,
BLAXLAND                 ,"2,976","9,737","9,474","9,550","9,454","8,773","8,854","8,535","8,827","7,992","6,464","14,786","105,422",1,
Female,"1,526","4,813","4,810","4,886","4,653","4,345","4,483","4,229","4,366","3,970","3,214","7,815","53,110",,
Male,"1,449","4,923","4,662","4,664","4,801","4,428","4,371","4,306","4,461","4,022","3,250","6,971","52,308",,
Indeterminate/Unknown,1,1,2, - , - , - , - , - , - , - , - , - ,4,,
BRADFIELD                ,"3,702","8,946","6,538","6,033","8,143","9,420","10,678","10,001","9,728","7,678","6,790","19,709","107,366",1,
Female,"1,775","4,371","3,142","3,032","4,244","4,890","5,629","5,252","4,942","3,932","3,654","10,900","55,763",,
Male,"1,924","4,571","3,394","3,000","3,899","4,529","5,049","4,748","4,785","3,745","3,136","8,809","51,589",,
Indeterminate/Unknown,3,4,2,1, - ,1, - ,1,1,1, - , - ,14,,
CALARE                   ,"3,217","8,838","9,035","9,152","8,739","8,717","10,121","9,621","10,568","9,819","9,144","21,258","118,229",1,
Female,"1,612","4,334","4,561","4,595","4,455","4,434","5,157","4,850","5,322","4,921","4,605","11,412","60,258",,
Male,"1,604","4,503","4,474","4,557","4,284","4,283","4,964","4,770","5,246","4,897","4,538","9,845","57,965",,
Indeterminate/Unknown,1,1, - , - , - , - , - ,1, - ,1,1,1,6,,
CHIFLEY                  ,"3,455","11,061","10,680","11,064","11,583","9,979","9,812","9,021","8,788","7,777","6,456","12,393","112,069",1,
Female,"1,697","5,490","5,338","5,616","5,715","4,943","4,935","4,580","4,391","4,053","3,344","6,774","56,876",,
Male,"1,756","5,567","5,340","5,447","5,868","5,036","4,876","4,441","4,396","3,723","3,110","5,619","55,179",,
Indeterminate/Unknown,2,4,2,1, - , - ,1, - ,1,1,2, - ,14,,
COOK                     ,"2,758","7,995","7,870","7,842","8,219","8,487","9,943","9,093","9,055","8,234","7,325","20,231","107,052",1,
Female,"1,380","3,948","4,022","4,000","4,188","4,358","5,072","4,652","4,584","4,272","3,894","11,247","55,617",,
Male,"1,377","4,045","3,847","3,840","4,030","4,128","4,871","4,440","4,471","3,962","3,431","8,984","51,426",,
Indeterminate/Unknown,1,2,1,2,1,1, - ,1, - , - , - , - ,9,,
COWPER                   ,"2,938","7,695","7,440","7,547","7,788","8,043","9,699","9,540","11,419","11,997","11,602","28,799","124,507",1,
Female,"1,468","3,773","3,667","3,918","4,018","4,190","5,051","5,027","6,017","6,199","5,903","15,526","64,757",,
Male,"1,468","3,919","3,772","3,629","3,768","3,852","4,647","4,512","5,401","5,795","5,699","13,270","59,732",,
Indeterminate/Unknown,2,3,1, - ,2,1,1,1,1,3, - ,3,18,,
CUNNINGHAM               ,"3,282","10,755","9,740","8,816","8,957","9,117","10,015","9,057","9,854","8,774","7,562","19,383","115,312",1,
Female,"1,726","5,315","4,760","4,407","4,525","4,557","5,020","4,611","4,996","4,501","3,929","10,679","59,026",,
Male,"1,552","5,438","4,977","4,404","4,432","4,560","4,995","4,444","4,858","4,272","3,633","8,704","56,269",,
Indeterminate/Unknown,4,2,3,5, - , - , - ,2, - ,1, - , - ,17,,
DOBELL                   ,"3,275","9,676","9,226","8,884","9,122","8,994","10,027","9,151","9,653","9,116","8,456","21,779","117,359",1,
Female,"1,703","4,740","4,677","4,503","4,603","4,612","5,097","4,652","5,023","4,864","4,540","12,222","61,236",,
Male,"1,570","4,934","4,549","4,381","4,518","4,382","4,930","4,499","4,630","4,252","3,916","9,557","56,118",,
Indeterminate/Unknown,2,2, - , - ,1, - , - , - , - , - , - , - ,5,,
EDEN-MONARO              ,"2,617","7,219","7,459","8,045","8,290","8,694","10,395","10,280","11,297","10,764","9,637","19,443","114,140",1,
Female,"1,317","3,571","3,751","4,076","4,284","4,419","5,266","5,208","5,582","5,370","4,737","10,007","57,588",,
Male,"1,296","3,642","3,703","3,966","4,003","4,275","5,128","5,071","5,714","5,392","4,899","9,435","56,524",,
Indeterminate/Unknown,4,6,5,3,3, - ,1,1,1,2,1,1,28,,
FARRER                   ,"2,903","8,484","7,981","7,660","7,781","8,142","9,317","9,143","10,639","10,475","9,634","23,500","115,659",1,
Female,"1,534","4,140","3,918","3,861","3,944","4,184","4,743","4,772","5,370","5,258","4,821","12,475","59,020",,
Male,"1,368","4,343","4,063","3,799","3,837","3,958","4,571","4,371","5,269","5,217","4,813","11,025","56,634",,
Indeterminate/Unknown,1,1, - , - , - , - ,3, - , - , - , - , - ,5,,
FOWLER                   ,"3,031","9,497","8,991","8,360","8,535","8,220","9,352","9,135","9,918","9,294","7,595","15,047","106,975",1,
Female,"1,588","4,570","4,456","4,153","4,392","4,337","4,847","4,550","4,894","4,724","3,966","7,910","54,387",,
Male,"1,441","4,926","4,531","4,206","4,142","3,880","4,503","4,584","5,024","4,569","3,629","7,137","52,572",,
Indeterminate/Unknown,2,1,4,1,1,3,2,1, - ,1, - , - ,16,,
GILMORE                  ,"2,553","7,322","7,163","7,078","7,272","7,453","8,868","8,844","11,465","12,281","12,561","29,676","122,536",1,
Female,"1,298","3,560","3,534","3,618","3,580","3,771","4,498","4,535","5,965","6,414","6,413","15,499","62,685",,
Male,"1,254","3,757","3,624","3,460","3,692","3,680","4,369","4,308","5,498","5,867","6,148","14,175","59,832",,
Indeterminate/Unknown,1,5,5, - , - ,2,1,1,2, - , - ,2,19,,
GRAYNDLER                ,"1,914","7,326","11,742","12,461","12,171","10,869","11,189","8,980","8,225","6,608","5,892","12,268","109,645",1,
Female,942,"3,836","6,032","6,404","6,241","5,574","5,754","4,560","4,190","3,453","3,149","6,713","56,848",,
Male,967,"3,467","5,690","6,045","5,920","5,293","5,434","4,418","4,031","3,154","2,742","5,553","52,714",,
Indeterminate/Unknown,5,23,20,12,10,2,1,2,4,1,1,2,83,,
GREENWAY                 ,"3,454","9,238","8,662","10,641","13,538","12,334","10,925","8,923","8,322","7,126","5,892","11,288","110,343",1,
Female,"1,727","4,488","4,396","5,350","6,783","6,019","5,437","4,428","4,154","3,588","3,071","6,075","55,516",,
Male,"1,722","4,747","4,263","5,290","6,754","6,314","5,488","4,494","4,168","3,538","2,821","5,213","54,812",,
Indeterminate/Unknown,5,3,3,1,1,1, - ,1, - , - , - , - ,15,,
HUGHES                   ,"3,269","8,827","8,187","8,367","9,339","9,625","10,566","8,918","9,239","8,097","6,924","14,916","106,274",1,
Female,"1,610","4,299","3,972","4,273","4,819","4,917","5,385","4,552","4,794","4,129","3,536","8,040","54,326",,
Male,"1,655","4,525","4,214","4,093","4,520","4,708","5,180","4,366","4,444","3,968","3,387","6,876","51,936",,
Indeterminate/Unknown,4,3,1,1, - , - ,1, - ,1, - ,1, - ,12,,
HUME                     ,"3,501","9,409","9,665","9,960","9,746","9,780","10,839","9,570","10,137","8,844","8,214","16,830","116,495",1,
Female,"1,730","4,653","4,834","5,074","4,939","5,017","5,518","4,831","5,174","4,463","4,235","8,888","59,356",,
Male,"1,771","4,755","4,830","4,885","4,806","4,762","5,321","4,739","4,963","4,381","3,978","7,941","57,132",,
Indeterminate/Unknown, - ,1,1,1,1,1, - , - , - , - ,1,1,7,,
HUNTER                   ,"3,320","9,585","9,981","10,079","9,569","9,230","10,258","9,491","10,369","9,832","9,112","20,734","121,560",1,
Female,"1,671","4,717","4,975","5,068","4,811","4,655","5,111","4,830","5,181","5,028","4,692","11,130","61,869",,
Male,"1,648","4,865","5,003","5,011","4,756","4,574","5,147","4,660","5,187","4,804","4,419","9,604","59,678",,
Indeterminate/Unknown,1,3,3, - ,2,1, - ,1,1, - ,1, - ,13,,
KINGSFORD SMITH          ,"2,702","8,462","9,409","10,106","10,929","10,242","10,575","9,008","8,746","7,286","6,484","17,221","111,170",1,
Female,"1,316","4,261","4,711","5,122","5,607","5,284","5,406","4,690","4,402","3,846","3,450","9,627","57,722",,
Male,"1,386","4,198","4,695","4,979","5,318","4,953","5,164","4,314","4,343","3,437","3,032","7,593","53,412",,
Indeterminate/Unknown, - ,3,3,5,4,5,5,4,1,3,2,1,36,,
LINDSAY                  ,"3,586","11,299","12,096","12,124","11,891","10,613","10,465","8,973","8,898","8,164","7,058","13,634","118,801",1,
Female,"1,771","5,669","6,208","6,177","5,936","5,325","5,251","4,569","4,522","4,343","3,600","7,424","60,795",,
Male,"1,812","5,626","5,886","5,943","5,955","5,287","5,214","4,403","4,375","3,820","3,458","6,210","57,989",,
Indeterminate/Unknown,3,4,2,4, - ,1, - ,1,1,1, - , - ,17,,
LYNE                     ,"2,649","6,384","5,992","6,099","6,587","7,054","8,980","8,982","11,209","12,017","12,489","30,423","118,865",1,
Female,"1,335","3,107","2,977","3,143","3,353","3,635","4,614","4,650","5,800","6,229","6,290","15,753","60,886",,
Male,"1,311","3,268","3,013","2,955","3,234","3,419","4,364","4,332","5,407","5,786","6,198","14,669","57,956",,
Indeterminate/Unknown,3,9,2,1, - , - ,2, - ,2,2,1,1,23,,
MACARTHUR                ,"3,471","11,253","11,988","12,695","12,286","10,608","10,049","8,834","9,525","8,616","7,354","12,473","119,152",1,
Female,"1,754","5,618","6,176","6,513","6,161","5,280","5,077","4,511","4,960","4,507","3,828","6,632","61,017",,
Male,"1,716","5,635","5,810","6,182","6,125","5,328","4,971","4,323","4,565","4,109","3,526","5,840","58,130",,
Indeterminate/Unknown,1, - ,2, - , - , - ,1, - , - , - , - ,1,5,,
MACKELLAR                ,"3,189","8,161","6,756","6,647","8,130","9,657","11,126","9,986","9,835","8,532","7,740","21,140","110,899",1,
Female,"1,544","3,932","3,231","3,342","4,247","4,946","5,684","5,212","4,972","4,429","4,039","11,623","57,201",,
Male,"1,643","4,226","3,524","3,305","3,883","4,711","5,442","4,773","4,863","4,103","3,701","9,516","53,690",,
Indeterminate/Unknown,2,3,1, - , - , - , - ,1, - , - , - ,1,8,,
MACQUARIE                ,"3,169","8,385","7,839","7,875","8,048","8,680","10,152","9,267","9,873","9,108","8,606","17,037","108,039",1,
Female,"1,596","4,023","3,825","3,965","4,098","4,455","5,232","4,775","5,110","4,693","4,493","9,309","55,574",,
Male,"1,572","4,357","4,013","3,908","3,947","4,223","4,919","4,492","4,761","4,415","4,111","7,728","52,446",,
Indeterminate/Unknown,1,5,1,2,3,2,1, - ,2, - ,2, - ,19,,
MCMAHON                  ,"2,853","9,703","9,588","9,198","9,536","8,829","9,114","8,905","9,080","8,180","6,991","14,829","106,806",1,
Female,"1,420","4,817","4,735","4,731","4,886","4,439","4,601","4,537","4,665","4,107","3,580","7,934","54,452",,
Male,"1,433","4,886","4,852","4,465","4,649","4,388","4,512","4,368","4,415","4,073","3,411","6,895","52,347",,
Indeterminate/Unknown, - , - ,1,2,1,2,1, - , - , - , - , - ,7,,
MITCHELL                 ,"3,725","9,496","7,320","7,679","10,496","11,303","11,887","9,884","9,038","7,663","6,904","15,007","110,402",1,
Female,"1,850","4,586","3,516","3,960","5,434","5,853","6,082","5,087","4,554","3,932","3,619","8,046","56,519",,
Male,"1,875","4,905","3,804","3,719","5,060","5,448","5,805","4,796","4,484","3,731","3,284","6,961","53,872",,
Indeterminate/Unknown, - ,5, - , - ,2,2, - ,1, - , - ,1, - ,11,,
NEW ENGLAND              ,"2,914","8,308","8,011","7,835","7,781","7,831","9,089","8,856","10,216","9,942","9,173","22,023","111,979",1,
Female,"1,452","4,080","4,060","3,974","4,007","3,999","4,713","4,524","5,248","5,040","4,593","11,842","57,532",,
Male,"1,458","4,226","3,950","3,861","3,773","3,832","4,374","4,332","4,968","4,900","4,580","10,181","54,435",,
Indeterminate/Unknown,4,2,1, - ,1, - ,2, - , - ,2, - , - ,12,,
NEWCASTLE                ,"3,179","11,379","11,767","10,592","9,972","9,167","10,163","8,894","9,568","8,671","7,390","17,004","117,746",1,
Female,"1,626","5,653","5,705","5,167","4,947","4,598","5,135","4,542","4,917","4,416","3,773","9,535","60,014",,
Male,"1,549","5,718","6,058","5,422","5,025","4,569","5,026","4,351","4,651","4,255","3,617","7,469","57,710",,
Indeterminate/Unknown,4,8,4,3, - , - ,2,1, - , - , - , - ,22,,
NORTH SYDNEY             ,"2,386","6,937","8,832","10,239","11,211","10,523","10,397","8,805","8,592","7,609","6,962","16,785","109,278",1,
Female,"1,133","3,428","4,416","5,142","5,717","5,339","5,412","4,563","4,434","4,032","3,793","9,367","56,776",,
Male,"1,250","3,508","4,413","5,095","5,493","5,181","4,985","4,242","4,158","3,577","3,169","7,415","52,486",,
Indeterminate/Unknown,3,1,3,2,1,3, - , - , - , - , - ,3,16,,
PAGE                     ,"2,923","7,672","7,397","7,413","8,114","8,506","10,101","10,093","11,966","12,398","11,651","24,599","122,833",1,
Female,"1,453","3,734","3,724","3,738","4,181","4,357","5,210","5,185","6,119","6,280","5,783","12,988","62,752",,
Male,"1,469","3,932","3,670","3,673","3,932","4,149","4,889","4,907","5,847","6,117","5,868","11,611","60,064",,
Indeterminate/Unknown,1,6,3,2,1, - ,2,1, - ,1, - , - ,17,,
PARKES                   ,"2,668","8,521","9,392","8,796","7,969","7,739","8,772","8,823","10,135","9,316","8,109","19,399","109,639",1,
Female,"1,373","4,185","4,747","4,438","4,059","3,949","4,383","4,416","4,947","4,580","3,892","10,282","55,251",,
Male,"1,295","4,334","4,645","4,358","3,910","3,790","4,389","4,407","5,188","4,736","4,217","9,117","54,386",,
Indeterminate/Unknown, - ,2, - , - , - , - , - , - , - , - , - , - ,2,,
PARRAMATTA               ,"2,582","8,142","8,643","10,533","11,840","9,750","9,074","8,203","8,451","7,161","5,711","13,096","103,186",1,
Female,"1,252","4,036","4,246","5,081","5,585","4,569","4,581","4,139","4,198","3,597","2,904","7,070","51,258",,
Male,"1,327","4,102","4,393","5,450","6,254","5,181","4,492","4,063","4,253","3,561","2,807","6,026","51,909",,
Indeterminate/Unknown,3,4,4,2,1, - ,1,1, - ,3, - , - ,19,,
PATERSON                 ,"3,360","9,448","10,360","9,970","9,681","9,435","10,293","9,279","10,275","9,820","9,446","21,574","122,941",1,
Female,"1,701","4,696","5,187","5,013","4,853","4,653","5,167","4,686","5,321","5,092","4,956","11,567","62,892",,
Male,"1,656","4,748","5,171","4,956","4,827","4,781","5,125","4,593","4,954","4,728","4,490","10,007","60,036",,
Indeterminate/Unknown,3,4,2,1,1,1,1, - , - , - , - , - ,13,,
REID                     ,"2,543","8,133","9,337","10,649","10,684","9,515","9,602","9,019","9,217","7,779","6,628","15,858","108,964",1,
Female,"1,288","4,147","4,527","5,176","5,251","4,851","5,074","4,687","4,808","4,062","3,487","8,676","56,034",,
Male,"1,253","3,984","4,809","5,471","5,430","4,662","4,527","4,332","4,409","3,717","3,139","7,181","52,914",,
Indeterminate/Unknown,2,2,1,2,3,2,1, - , - , - ,2,1,16,,
RICHMOND                 ,"2,611","6,756","6,457","7,219","8,289","8,871","10,254","9,540","11,133","11,515","11,047","25,754","119,446",1,
Female,"1,344","3,325","3,297","3,809","4,327","4,708","5,422","5,019","5,888","6,031","5,676","13,928","62,774",,
Male,"1,265","3,430","3,158","3,408","3,960","4,162","4,832","4,521","5,244","5,484","5,370","11,825","56,659",,
Indeterminate/Unknown,2,1,2,2,2,1, - , - ,1, - ,1,1,13,,
RIVERINA                 ,"3,179","8,986","9,070","8,184","8,153","8,050","9,091","8,830","10,042","9,539","9,098","21,887","114,109",1,
Female,"1,622","4,458","4,657","4,123","4,141","4,104","4,598","4,480","5,078","4,771","4,482","11,791","58,305",,
Male,"1,554","4,525","4,412","4,060","4,012","3,946","4,492","4,349","4,964","4,767","4,615","10,096","55,792",,
Indeterminate/Unknown,3,3,1,1, - , - ,1,1, - ,1,1, - ,12,,
ROBERTSON                ,"2,769","8,137","7,509","7,462","7,900","8,151","9,377","8,806","9,836","9,251","8,874","23,183","111,255",1,
Female,"1,421","3,974","3,638","3,771","3,995","4,202","4,813","4,549","5,190","4,856","4,728","12,932","58,069",,
Male,"1,345","4,159","3,870","3,690","3,905","3,948","4,563","4,256","4,645","4,394","4,146","10,250","53,171",,
Indeterminate/Unknown,3,4,1,1, - ,1,1,1,1,1, - ,1,15,,
SHORTLAND                ,"3,137","8,635","8,038","8,157","8,413","8,287","9,496","9,174","9,719","9,346","8,883","22,909","114,194",1,
Female,"1,546","4,137","4,014","4,100","4,236","4,181","4,791","4,682","4,998","4,903","4,695","12,606","58,889",,
Male,"1,591","4,495","4,021","4,057","4,177","4,106","4,705","4,492","4,721","4,443","4,187","10,302","55,297",,
Indeterminate/Unknown, - ,3,3, - , - , - , - , - , - , - ,1,1,8,,
SYDNEY                   ,"1,368","7,053","14,565","17,212","15,104","11,047","9,837","8,191","7,781","6,461","5,272","10,348","114,239",1,
Female,757,"3,745","7,055","8,041","6,696","4,673","4,136","3,403","3,473","3,023","2,563","5,260","52,825",,
Male,609,"3,296","7,504","9,162","8,401","6,369","5,698","4,784","4,300","3,433","2,706","5,088","61,350",,
Indeterminate/Unknown,2,12,6,9,7,5,3,4,8,5,3, - ,64,,
WARRINGAH                ,"2,726","7,192","7,345","7,906","9,648","10,112","11,133","9,569","8,998","7,410","6,451","16,587","105,077",1,
Female,"1,372","3,601","3,707","4,121","4,993","5,226","5,729","4,936","4,625","3,803","3,404","9,272","54,789",,
Male,"1,349","3,585","3,635","3,785","4,655","4,886","5,404","4,630","4,373","3,607","3,047","7,315","50,271",,
Indeterminate/Unknown,5,6,3, - , - , - , - ,3, - , - , - , - ,17,,
WATSON                   ,"2,932","9,314","8,888","9,372","9,996","9,316","9,331","9,228","9,057","7,872","6,438","16,066","107,810",1,
Female,"1,467","4,533","4,455","4,685","4,924","4,619","4,765","4,584","4,567","3,968","3,325","8,567","54,459",,
Male,"1,462","4,780","4,428","4,686","5,070","4,696","4,566","4,644","4,490","3,903","3,112","7,499","53,336",,
Indeterminate/Unknown,3,1,5,1,2,1, - , - , - ,1,1, - ,15,,
WENTWORTH                ,"1,965","6,128","8,962","10,892","11,295","10,107","9,947","8,151","7,656","6,570","6,038","15,856","103,567",1,
Female,"1,018","3,206","4,796","5,714","5,698","5,073","5,049","4,025","3,889","3,393","3,164","8,838","53,863",,
Male,947,"2,918","4,163","5,171","5,592","5,027","4,896","4,122","3,767","3,173","2,873","7,015","49,664",,
Indeterminate/Unknown, - ,4,3,7,5,7,2,4, - ,4,1,3,40,,
WERRIWA                  ,"3,871","11,784","10,708","10,541","11,591","10,753","11,118","10,429","10,179","8,427","6,413","11,925","117,739",1,
Female,"1,953","5,793","5,435","5,589","5,944","5,611","5,775","5,250","5,092","4,263","3,194","6,299","60,198",,
Male,"1,915","5,990","5,272","4,952","5,645","5,142","5,343","5,179","5,087","4,164","3,219","5,625","57,533",,
Indeterminate/Unknown,3,1,1, - ,2, - , - , - , - , - , - ,1,8,,
WHITLAM                  ,"3,324","9,368","8,766","8,879","8,858","8,865","10,264","9,257","10,256","9,411","8,911","22,656","118,815",1,
Female,"1,663","4,656","4,326","4,545","4,447","4,555","5,206","4,733","5,325","4,929","4,748","12,342","61,475",,
Male,"1,657","4,710","4,436","4,334","4,411","4,309","5,058","4,523","4,930","4,482","4,163","10,314","57,327",,
Indeterminate/Unknown,4,2,4, - , - ,1, - ,1,1, - , - , - ,13,,
VIC,"103,619","324,109","348,317","362,102","367,511","348,518","374,291","347,132","347,589","317,663","283,819","660,285","4,184,955",,1
ASTON                    ,"3,028","9,521","9,162","8,754","8,852","8,812","9,793","9,533","9,918","8,879","7,722","16,403","110,377",1,
Female,"1,521","4,654","4,477","4,320","4,420","4,427","5,119","4,977","5,171","4,594","4,035","8,984","56,699",,
Male,"1,505","4,862","4,681","4,431","4,432","4,385","4,672","4,556","4,746","4,284","3,687","7,419","53,660",,
Indeterminate/Unknown,2,5,4,3, - , - ,2, - ,1,1, - , - ,18,,
BALLARAT                 ,"2,860","9,051","9,253","8,995","8,889","9,146","9,984","9,388","9,893","9,428","8,838","19,256","114,981",1,
Female,"1,509","4,581","4,556","4,561","4,615","4,690","5,246","4,854","5,150","4,964","4,695","10,570","59,991",,
Male,"1,344","4,462","4,694","4,430","4,274","4,456","4,738","4,533","4,741","4,463","4,142","8,685","54,962",,
Indeterminate/Unknown,7,8,3,4, - , - , - ,1,2,1,1,1,28,,
BENDIGO                  ,"2,848","8,390","8,618","8,212","8,351","8,630","9,496","9,045","9,912","9,593","9,373","20,333","112,801",1,
Female,"1,435","4,208","4,389","4,213","4,402","4,490","4,903","4,765","5,176","5,001","4,848","10,903","58,733",,
Male,"1,408","4,180","4,226","3,998","3,946","4,136","4,592","4,278","4,736","4,592","4,523","9,430","54,045",,
Indeterminate/Unknown,5,2,3,1,3,4,1,2, - , - ,2, - ,23,,
BRUCE                    ,"2,572","8,636","9,234","9,284","9,563","8,414","8,977","8,955","9,422","9,130","7,888","17,138","109,213",1,
Female,"1,291","4,210","4,384","4,457","4,607","4,095","4,424","4,481","4,757","4,609","4,054","9,130","54,499",,
Male,"1,281","4,422","4,847","4,825","4,954","4,319","4,553","4,474","4,664","4,521","3,834","8,008","54,702",,
Indeterminate/Unknown, - ,4,3,2,2, - , - , - ,1, - , - , - ,12,,
CALWELL                  ,"3,024","9,956","10,495","11,430","11,391","9,594","9,655","9,543","8,602","6,910","5,614","11,309","107,523",1,
Female,"1,619","4,995","5,314","5,739","5,676","4,676","4,974","4,826","4,282","3,436","2,943","5,901","54,381",,
Male,"1,402","4,957","5,179","5,691","5,715","4,918","4,681","4,717","4,320","3,474","2,671","5,408","53,133",,
Indeterminate/Unknown,3,4,2, - , - , - , - , - , - , - , - , - ,9,,
CASEY                    ,"3,090","8,934","9,183","9,380","9,152","9,188","10,537","9,667","10,117","9,332","8,312","16,432","113,324",1,
Female,"1,616","4,386","4,502","4,767","4,615","4,692","5,431","4,991","5,226","4,804","4,386","8,645","58,061",,
Male,"1,471","4,539","4,677","4,612","4,535","4,495","5,103","4,675","4,891","4,528","3,926","7,787","55,239",,
Indeterminate/Unknown,3,9,4,1,2,1,3,1, - , - , - , - ,24,,
CHISHOLM                 ,"3,182","8,941","7,363","6,859","7,806","8,210","9,728","9,249","9,152","7,711","6,619","21,542","106,362",1,
Female,"1,618","4,375","3,447","3,265","3,933","4,180","5,118","4,842","4,680","3,954","3,616","12,319","55,347",,
Male,"1,559","4,555","3,914","3,591","3,871","4,030","4,610","4,406","4,471","3,756","3,003","9,223","50,989",,
Indeterminate/Unknown,5,11,2,3,2, - , - ,1,1,1, - , - ,26,,
COOPER                   ,"2,129","7,994","11,263","12,067","11,687","10,394","10,828","9,228","8,159","6,760","5,389","14,888","110,786",1,
Female,"1,060","4,193","5,942","6,125","6,058","5,368","5,517","4,798","4,268","3,518","2,867","8,386","58,100",,
Male,"1,063","3,782","5,283","5,919","5,615","5,015","5,308","4,427","3,890","3,241","2,521","6,501","52,565",,
Indeterminate/Unknown,6,19,38,23,14,11,3,3,1,1,1,1,121,,
CORANGAMITE              ,"2,770","7,702","7,673","8,339","9,082","9,040","9,609","8,488","9,090","9,781","9,648","20,416","111,638",1,
Female,"1,427","3,806","3,937","4,355","4,764","4,708","4,978","4,438","4,827","5,177","5,020","10,888","58,325",,
Male,"1,340","3,893","3,731","3,983","4,317","4,332","4,631","4,050","4,263","4,603","4,628","9,527","53,298",,
Indeterminate/Unknown,3,3,5,1,1, - , - , - , - ,1, - ,1,15,,
CORIO                    ,"2,592","9,073","9,778","9,138","8,719","8,598","9,427","8,886","9,337","8,599","7,717","18,458","110,322",1,
Female,"1,336","4,663","4,926","4,707","4,461","4,414","4,874","4,587","4,902","4,464","4,056","10,447","57,837",,
Male,"1,253","4,405","4,847","4,429","4,257","4,183","4,553","4,297","4,434","4,134","3,660","8,011","52,463",,
Indeterminate/Unknown,3,5,5,2,1,1, - ,2,1,1,1, - ,22,,
DEAKIN                   ,"2,798","8,171","8,119","8,620","9,437","9,297","9,975","8,903","8,731","7,814","7,043","18,626","107,534",1,
Female,"1,422","4,039","4,054","4,301","4,834","4,689","5,169","4,659","4,562","4,057","3,863","10,608","56,257",,
Male,"1,374","4,130","4,058","4,317","4,601","4,608","4,806","4,243","4,169","3,756","3,179","8,018","51,259",,
Indeterminate/Unknown,2,2,7,2,2, - , - ,1, - ,1,1, - ,18,,
DUNKLEY                  ,"2,771","8,622","9,321","9,490","9,513","9,360","10,276","9,407","9,345","8,236","7,234","17,110","110,685",1,
Female,"1,448","4,327","4,692","4,843","4,887","4,721","5,289","4,773","4,834","4,290","3,912","9,460","57,476",,
Male,"1,319","4,291","4,623","4,646","4,625","4,639","4,985","4,634","4,510","3,946","3,321","7,649","53,188",,
Indeterminate/Unknown,4,4,6,1,1, - ,2, - ,1, - ,1,1,21,,
FLINDERS                 ,"2,558","6,850","6,802","6,761","6,903","7,584","9,240","8,618","9,285","9,565","9,863","26,700","110,729",1,
Female,"1,302","3,347","3,396","3,480","3,667","3,904","4,860","4,584","4,839","5,134","5,246","14,439","58,198",,
Male,"1,252","3,501","3,405","3,280","3,235","3,680","4,380","4,033","4,441","4,430","4,615","12,260","52,512",,
Indeterminate/Unknown,4,2,1,1,1, - , - ,1,5,1,2,1,19,,
FRASER                   ,"2,715","8,690","9,214","9,051","8,835","8,506","9,622","9,751","9,636","9,101","7,829","16,480","109,430",1,
Female,"1,416","4,327","4,441","4,361","4,255","4,296","5,035","4,938","4,811","4,641","4,011","8,751","55,283",,
Male,"1,295","4,361","4,769","4,685","4,579","4,210","4,587","4,811","4,825","4,460","3,818","7,729","54,129",,
Indeterminate/Unknown,4,2,4,5,1, - , - ,2, - , - , - , - ,18,,
GELLIBRAND               ,"2,471","7,895","9,093","11,048","12,770","12,013","11,570","9,705","8,934","7,119","5,634","12,965","111,217",1,
Female,"1,276","3,823","4,609","5,567","6,344","5,964","5,817","4,934","4,459","3,544","2,956","7,238","56,531",,
Male,"1,190","4,063","4,477","5,469","6,421","6,049","5,749","4,771","4,475","3,575","2,678","5,727","54,644",,
Indeterminate/Unknown,5,9,7,12,5, - ,4, - , - , - , - , - ,42,,
GIPPSLAND                ,"2,251","7,290","7,801","7,684","7,516","7,324","8,302","8,653","10,206","10,627","10,401","22,526","110,581",1,
Female,"1,147","3,603","3,930","3,969","3,839","3,672","4,330","4,526","5,249","5,499","5,224","11,610","56,598",,
Male,"1,102","3,683","3,870","3,713","3,676","3,651","3,971","4,126","4,953","5,126","5,177","10,916","53,964",,
Indeterminate/Unknown,2,4,1,2,1,1,1,1,4,2, - , - ,19,,
GOLDSTEIN                ,"3,189","8,022","6,782","6,423","7,638","8,702","11,227","10,384","10,032","8,754","7,731","19,671","108,555",1,
Female,"1,530","3,956","3,337","3,278","4,026","4,567","6,044","5,400","5,176","4,548","4,113","11,223","57,198",,
Male,"1,658","4,062","3,444","3,143","3,612","4,135","5,183","4,984","4,855","4,205","3,618","8,448","51,347",,
Indeterminate/Unknown,1,4,1,2, - , - , - , - ,1,1, - , - ,10,,
GORTON                   ,"3,007","9,332","9,858","11,967","12,997","12,185","11,363","8,929","7,757","6,997","6,222","9,810","110,424",1,
Female,"1,547","4,653","5,112","6,078","6,652","6,032","5,716","4,522","3,978","3,590","3,232","4,991","56,103",,
Male,"1,458","4,677","4,745","5,888","6,345","6,151","5,647","4,405","3,779","3,407","2,990","4,819","54,311",,
Indeterminate/Unknown,2,2,1,1, - ,2, - ,2, - , - , - , - ,10,,
HIGGINS                  ,"2,639","8,956","11,075","10,918","9,878","8,617","9,959","8,940","8,553","7,513","6,585","17,402","111,035",1,
Female,"1,343","4,626","5,651","5,511","4,909","4,271","5,282","4,610","4,441","3,950","3,523","9,826","57,943",,
Male,"1,294","4,322","5,421","5,406","4,966","4,345","4,675","4,329","4,110","3,563","3,062","7,576","53,069",,
Indeterminate/Unknown,2,8,3,1,3,1,2,1,2, - , - , - ,23,,
HOLT                     ,"3,166","9,854","10,117","11,623","12,754","10,801","10,327","8,848","8,074","6,500","5,067","9,699","106,830",1,
Female,"1,626","4,894","5,074","6,023","6,170","5,258","5,210","4,421","4,011","3,207","2,594","5,140","53,628",,
Male,"1,536","4,959","5,042","5,598","6,583","5,540","5,116","4,426","4,063","3,293","2,473","4,559","53,188",,
Indeterminate/Unknown,4,1,1,2,1,3,1,1, - , - , - , - ,14,,
HOTHAM                   ,"2,834","8,559","7,542","7,782","8,893","9,024","9,895","9,243","8,448","7,635","6,905","21,099","107,859",1,
Female,"1,416","4,107","3,462","3,745","4,367","4,461","5,080","4,751","4,235","3,949","3,689","11,593","54,855",,
Male,"1,415","4,446","4,077","4,036","4,525","4,563","4,815","4,491","4,213","3,686","3,216","9,506","52,989",,
Indeterminate/Unknown,3,6,3,1,1, - , - ,1, - , - , - , - ,15,,
INDI                     ,"2,483","7,087","7,376","7,541","7,610","8,016","9,284","9,239","10,722","10,910","10,099","22,442","112,809",1,
Female,"1,295","3,517","3,701","3,798","3,938","4,148","4,763","4,845","5,489","5,605","4,964","11,728","57,791",,
Male,"1,185","3,569","3,674","3,743","3,671","3,867","4,521","4,393","5,231","5,304","5,135","10,714","55,007",,
Indeterminate/Unknown,3,1,1, - ,1,1, - ,1,2,1, - , - ,11,,
ISAACS                   ,"2,733","7,685","7,645","8,477","9,861","9,919","10,963","9,607","8,960","7,964","6,934","17,577","108,325",1,
Female,"1,390","3,756","3,865","4,388","5,108","5,139","5,652","4,928","4,554","4,080","3,709","9,993","56,562",,
Male,"1,342","3,926","3,778","4,089","4,751","4,779","5,311","4,679","4,406","3,884","3,225","7,584","51,754",,
Indeterminate/Unknown,1,3,2, - ,2,1, - , - , - , - , - , - ,9,,
JAGAJAGA                 ,"2,761","8,367","8,230","8,521","9,239","9,465","9,980","8,963","9,154","8,316","7,310","17,269","107,575",1,
Female,"1,399","4,133","4,087","4,310","4,691","4,854","5,120","4,633","4,796","4,371","3,950","9,505","55,849",,
Male,"1,359","4,232","4,138","4,206","4,548","4,610","4,858","4,330","4,358","3,945","3,360","7,764","51,708",,
Indeterminate/Unknown,3,2,5,5, - ,1,2, - , - , - , - , - ,18,,
KOOYONG                  ,"3,423","9,949","9,541","7,736","7,445","7,910","9,558","9,684","9,452","8,101","7,193","18,432","108,424",1,
Female,"1,721","5,041","4,741","3,823","3,804","4,201","5,231","5,090","4,987","4,236","3,787","10,487","57,149",,
Male,"1,698","4,903","4,791","3,911","3,640","3,709","4,327","4,594","4,463","3,864","3,406","7,945","51,251",,
Indeterminate/Unknown,4,5,9,2,1, - , - , - ,2,1, - , - ,24,,
LA TROBE                 ,"3,427","10,016","10,392","10,962","11,404","10,353","10,936","9,377","8,529","6,987","5,848","12,509","110,740",1,
Female,"1,760","5,073","5,249","5,646","5,754","5,255","5,743","4,798","4,323","3,589","3,079","6,782","57,051",,
Male,"1,664","4,937","5,141","5,314","5,649","5,098","5,193","4,577","4,205","3,397","2,769","5,727","53,671",,
Indeterminate/Unknown,3,6,2,2,1, - , - ,2,1,1, - , - ,18,,
LALOR                    ,"2,762","8,834","9,282","13,092","15,101","11,422","9,585","8,287","7,791","6,308","5,104","9,227","106,795",1,
Female,"1,456","4,494","4,856","6,630","7,124","5,266","4,749","4,164","3,882","3,227","2,602","4,997","53,447",,
Male,"1,306","4,335","4,422","6,460","7,975","6,154","4,834","4,122","3,908","3,081","2,502","4,230","53,329",,
Indeterminate/Unknown, - ,5,4,2,2,2,2,1,1, - , - , - ,19,,
MACNAMARA                ,"1,757","7,364","11,990","13,930","12,825","10,330","10,312","8,574","8,429","7,466","6,481","14,351","113,809",1,
Female,916,"3,918","6,191","7,004","6,404","5,144","5,227","4,403","4,240","3,870","3,353","7,668","58,338",,
Male,838,"3,435","5,787","6,917","6,416","5,186","5,083","4,170","4,189","3,596","3,127","6,683","55,427",,
Indeterminate/Unknown,3,11,12,9,5, - ,2,1, - , - ,1, - ,44,,
MALLEE                   ,"2,545","7,739","7,896","7,350","7,059","7,358","8,855","9,325","10,681","10,760","9,857","24,353","113,778",1,
Female,"1,335","3,896","3,933","3,706","3,588","3,752","4,602","4,675","5,380","5,327","4,804","12,925","57,923",,
Male,"1,207","3,842","3,963","3,643","3,470","3,604","4,253","4,650","5,300","5,433","5,053","11,426","55,844",,
Indeterminate/Unknown,3,1, - ,1,1,2, - , - ,1, - , - ,2,11,,
MARIBYRNONG              ,"2,622","8,990","10,324","10,937","10,634","10,229","10,527","9,557","8,762","7,677","6,399","16,221","112,879",1,
Female,"1,315","4,571","5,205","5,445","5,349","5,147","5,361","4,951","4,479","4,008","3,399","9,072","58,302",,
Male,"1,303","4,403","5,099","5,481","5,281","5,081","5,162","4,605","4,281","3,669","3,000","7,149","54,514",,
Indeterminate/Unknown,4,16,20,11,4,1,4,1,2, - , - , - ,63,,
MCEWEN                   ,"3,033","8,688","8,998","10,193","10,505","9,958","10,716","9,313","9,044","8,029","6,899","12,688","108,064",1,
Female,"1,478","4,370","4,618","5,282","5,351","5,102","5,554","4,789","4,589","4,226","3,573","6,513","55,445",,
Male,"1,552","4,311","4,377","4,906","5,154","4,855","5,162","4,523","4,455","3,803","3,326","6,175","52,599",,
Indeterminate/Unknown,3,7,3,5, - ,1, - ,1, - , - , - , - ,20,,
MELBOURNE                ,"1,830","9,057","16,603","16,826","12,819","8,960","7,814","6,883","6,344","5,698","4,885","9,833","107,552",1,
Female,986,"4,970","8,495","8,073","6,098","4,169","3,852","3,457","3,100","2,926","2,589","5,343","54,058",,
Male,838,"4,066","8,084","8,738","6,715","4,789","3,960","3,425","3,243","2,771","2,296","4,489","53,414",,
Indeterminate/Unknown,6,21,24,15,6,2,2,1,1,1, - ,1,80,,
MENZIES                  ,"3,083","8,695","6,976","6,334","7,256","8,179","9,801","9,900","9,837","8,703","7,745","21,325","107,834",1,
Female,"1,478","4,227","3,267","3,146","3,696","4,227","5,180","5,190","5,070","4,535","4,145","11,538","55,699",,
Male,"1,600","4,462","3,708","3,187","3,560","3,952","4,621","4,710","4,767","4,168","3,600","9,787","52,122",,
Indeterminate/Unknown,5,6,1,1, - , - , - , - , - , - , - , - ,13,,
MONASH                   ,"2,440","7,247","7,457","7,786","7,404","7,610","8,839","9,003","10,318","10,512","10,701","23,199","112,516",1,
Female,"1,276","3,622","3,818","3,971","3,832","3,968","4,542","4,617","5,307","5,441","5,482","12,214","58,090",,
Male,"1,162","3,621","3,636","3,814","3,571","3,642","4,297","4,386","5,011","5,071","5,218","10,981","54,410",,
Indeterminate/Unknown,2,4,3,1,1, - , - , - , - , - ,1,4,16,,
NICHOLLS                 ,"2,676","8,018","8,062","7,327","7,490","7,604","9,070","9,324","10,135","9,880","9,493","22,091","111,170",1,
Female,"1,405","3,954","3,984","3,760","3,823","3,938","4,554","4,735","5,172","4,963","4,730","11,532","56,550",,
Male,"1,270","4,063","4,078","3,567","3,667","3,664","4,516","4,589","4,963","4,915","4,763","10,559","54,614",,
Indeterminate/Unknown,1,1, - , - , - ,2, - , - , - ,2, - , - ,6,,
SCULLIN                  ,"2,663","8,778","9,074","10,330","10,741","9,503","9,541","8,999","8,488","7,383","6,212","13,468","105,180",1,
Female,"1,370","4,424","4,514","5,169","5,275","4,685","4,883","4,622","4,394","3,894","3,226","7,130","53,586",,
Male,"1,291","4,351","4,559","5,159","5,464","4,817","4,658","4,377","4,093","3,489","2,986","6,338","51,582",,
Indeterminate/Unknown,2,3,1,2,2,1, - , - ,1, - , - , - ,12,,
WANNON                   ,"2,899","8,071","7,791","7,118","7,343","8,079","9,231","9,694","10,866","10,852","10,202","22,471","114,617",1,
Female,"1,493","3,892","3,822","3,565","3,750","4,056","4,765","4,987","5,567","5,503","5,052","11,990","58,442",,
Male,"1,401","4,177","3,969","3,552","3,593","4,022","4,465","4,706","5,298","5,348","5,149","10,481","56,161",,
Indeterminate/Unknown,5,2, - ,1, - ,1,1,1,1,1,1, - ,14,,
WILLS                    ,"1,988","9,085","12,934","13,817","12,149","10,184","9,489","8,040","7,474","6,133","4,823","14,566","110,682",1,
Female,"1,010","4,874","6,666","6,901","6,056","5,088","4,817","4,090","3,850","3,193","2,522","8,345","57,412",,
Male,972,"4,178","6,227","6,888","6,076","5,091","4,669","3,948","3,623","2,940","2,301","6,221","53,134",,
Indeterminate/Unknown,6,33,41,28,17,5,3,2,1, - , - , - ,136,,
QLD,"80,190","263,905","270,321","266,331","273,844","270,581","295,911","270,873","279,617","253,449","232,233","505,593","3,262,848",,1
BLAIR                    ,"2,851","9,994","10,921","10,728","10,321","9,467","9,907","9,396","9,429","8,377","7,270","14,860","113,521",1,
Female,"1,469","5,084","5,731","5,487","5,191","4,728","5,065","4,771","4,840","4,257","3,632","7,962","58,217",,
Male,"1,375","4,904","5,189","5,238","5,128","4,738","4,840","4,624","4,589","4,119","3,637","6,897","55,278",,
Indeterminate/Unknown,7,6,1,3,2,1,2,1, - ,1,1,1,26,,
BONNER                   ,"2,985","8,445","7,580","8,258","9,398","9,675","10,198","9,185","8,775","7,490","6,624","15,997","104,610",1,
Female,"1,543","4,205","3,779","4,155","4,882","4,955","5,267","4,776","4,519","3,930","3,465","8,959","54,435",,
Male,"1,438","4,233","3,796","4,102","4,516","4,720","4,930","4,408","4,256","3,560","3,159","7,038","50,156",,
Indeterminate/Unknown,4,7,5,1, - , - ,1,1, - , - , - , - ,19,,
BOWMAN                   ,"2,901","8,083","7,475","7,529","8,154","8,500","9,788","9,172","10,182","9,491","9,088","19,091","109,454",1,
Female,"1,459","4,000","3,710","3,878","4,189","4,387","5,153","4,840","5,306","4,949","4,756","10,287","56,914",,
Male,"1,440","4,080","3,763","3,650","3,964","4,113","4,635","4,332","4,875","4,542","4,332","8,804","52,530",,
Indeterminate/Unknown,2,3,2,1,1, - , - , - ,1, - , - , - ,10,,
BRISBANE                 ,"2,969","12,248","14,804","13,321","11,420","9,964","10,644","9,163","8,196","6,620","5,431","10,768","115,548",1,
Female,"1,629","6,646","7,261","6,333","5,486","4,800","5,363","4,534","4,051","3,325","2,749","5,843","58,020",,
Male,"1,336","5,590","7,534","6,985","5,934","5,164","5,279","4,628","4,144","3,295","2,681","4,925","57,495",,
Indeterminate/Unknown,4,12,9,3, - , - ,2,1,1, - ,1, - ,33,,
CAPRICORNIA              ,"2,293","7,920","8,767","8,848","8,749","8,229","9,169","8,796","9,472","8,473","7,028","14,833","102,577",1,
Female,"1,160","3,975","4,444","4,457","4,342","4,059","4,649","4,304","4,738","4,103","3,375","7,826","51,432",,
Male,"1,132","3,944","4,323","4,391","4,406","4,170","4,519","4,492","4,734","4,370","3,653","7,007","51,141",,
Indeterminate/Unknown,1,1, - , - ,1, - ,1, - , - , - , - , - ,4,,
DAWSON                   ,"2,196","7,933","8,850","8,538","8,566","8,781","9,722","9,283","10,117","8,838","7,398","15,042","105,264",1,
Female,"1,114","3,914","4,277","4,297","4,253","4,342","4,886","4,599","4,978","4,360","3,567","7,843","52,430",,
Male,"1,081","4,018","4,572","4,241","4,312","4,438","4,835","4,682","5,138","4,476","3,831","7,199","52,823",,
Indeterminate/Unknown,1,1,1, - ,1,1,1,2,1,2, - , - ,11,,
DICKSON                  ,"3,266","9,075","8,629","8,502","9,604","10,053","11,298","9,749","9,511","7,973","7,077","13,495","108,232",1,
Female,"1,638","4,477","4,289","4,266","4,968","5,229","5,869","4,957","4,810","4,107","3,737","7,112","55,459",,
Male,"1,621","4,592","4,337","4,236","4,633","4,824","5,428","4,791","4,701","3,866","3,338","6,382","52,749",,
Indeterminate/Unknown,7,6,3, - ,3, - ,1,1, - , - ,2,1,24,,
FADDEN                   ,"2,961","9,804","9,392","8,898","9,195","9,069","10,253","9,329","9,334","8,490","8,327","18,991","114,043",1,
Female,"1,579","4,993","4,790","4,543","4,688","4,679","5,258","4,852","4,881","4,583","4,426","10,095","59,367",,
Male,"1,377","4,808","4,600","4,354","4,506","4,390","4,994","4,477","4,453","3,906","3,901","8,894","54,660",,
Indeterminate/Unknown,5,3,2,1,1, - ,1, - , - ,1, - ,2,16,,
FAIRFAX                  ,"2,490","7,912","7,688","7,887","8,467","8,969","10,437","9,649","10,343","9,870","9,412","21,003","114,127",1,
Female,"1,317","4,130","3,868","3,995","4,383","4,683","5,493","5,144","5,536","5,244","4,927","11,216","59,936",,
Male,"1,171","3,778","3,818","3,890","4,083","4,286","4,943","4,504","4,806","4,626","4,485","9,787","54,177",,
Indeterminate/Unknown,2,4,2,2,1, - ,1,1,1, - , - , - ,14,,
FISHER                   ,"2,751","7,904","7,397","7,292","8,198","8,490","10,055","9,201","9,780","9,584","9,370","23,112","113,134",1,
Female,"1,451","4,037","3,720","3,760","4,271","4,378","5,180","4,890","5,228","5,147","5,002","12,324","59,388",,
Male,"1,298","3,863","3,675","3,532","3,926","4,111","4,873","4,310","4,552","4,436","4,368","10,783","53,727",,
Indeterminate/Unknown,2,4,2, - ,1,1,2,1, - ,1, - ,5,19,,
FLYNN                    ,"2,194","7,397","8,442","8,627","8,927","8,560","9,572","9,223","10,182","8,764","7,334","13,834","103,056",1,
Female,"1,104","3,771","4,187","4,360","4,438","4,297","4,721","4,514","4,941","4,102","3,418","6,681","50,534",,
Male,"1,089","3,624","4,254","4,267","4,489","4,263","4,851","4,707","5,241","4,661","3,916","7,153","52,515",,
Indeterminate/Unknown,1,2,1, - , - , - , - ,2, - ,1, - , - ,7,,
FORDE                    ,"2,880","9,744","9,695","9,888","9,782","9,510","9,753","8,537","8,380","7,566","7,128","14,409","107,272",1,
Female,"1,535","4,955","4,947","5,030","4,973","4,846","5,009","4,346","4,371","3,990","3,741","7,742","55,485",,
Male,"1,339","4,784","4,748","4,858","4,807","4,663","4,744","4,190","4,008","3,576","3,387","6,666","51,770",,
Indeterminate/Unknown,6,5, - , - ,2,1, - ,1,1, - , - ,1,17,,
GRIFFITH                 ,"3,131","11,341","13,135","12,564","11,581","10,325","10,520","8,892","8,079","6,419","5,087","10,843","111,917",1,
Female,"1,618","5,878","6,515","6,238","5,730","5,190","5,339","4,498","4,121","3,302","2,639","6,089","57,157",,
Male,"1,507","5,448","6,613","6,323","5,847","5,133","5,180","4,392","3,955","3,117","2,448","4,754","54,717",,
Indeterminate/Unknown,6,15,7,3,4,2,1,2,3, - , - , - ,43,,
GROOM                    ,"2,818","8,622","9,058","8,473","8,152","8,066","8,959","8,292","8,993","8,307","7,618","18,626","105,984",1,
Female,"1,439","4,348","4,483","4,361","4,192","4,215","4,645","4,420","4,626","4,392","4,004","10,359","55,484",,
Male,"1,378","4,271","4,573","4,110","3,959","3,851","4,314","3,871","4,367","3,915","3,614","8,267","50,490",,
Indeterminate/Unknown,1,3,2,2,1, - , - ,1, - , - , - , - ,10,,
HERBERT                  ,"2,685","10,857","11,283","9,986","9,694","9,088","9,701","8,792","9,102","7,669","6,613","12,964","108,434",1,
Female,"1,429","5,450","5,534","5,044","4,958","4,588","4,962","4,531","4,574","3,943","3,263","6,998","55,274",,
Male,"1,256","5,402","5,746","4,940","4,735","4,499","4,738","4,259","4,527","3,726","3,350","5,965","53,143",,
Indeterminate/Unknown, - ,5,3,2,1,1,1,2,1, - , - ,1,17,,
HINKLER                  ,"1,915","6,176","6,112","5,940","6,489","7,019","8,138","8,082","9,628","10,174","11,025","27,063","107,761",1,
Female,994,"3,096","3,135","3,095","3,402","3,651","4,280","4,303","5,133","5,417","5,717","14,041","56,264",,
Male,919,"3,080","2,976","2,843","3,086","3,368","3,858","3,779","4,494","4,757","5,307","13,022","51,489",,
Indeterminate/Unknown,2, - ,1,2,1, - , - , - ,1, - ,1, - ,8,,
KENNEDY                  ,"1,736","7,030","8,331","7,863","7,976","8,250","9,528","9,513","10,334","9,666","8,826","18,591","107,644",1,
Female,904,"3,526","4,181","4,014","4,118","4,162","4,912","4,773","5,118","4,756","4,225","9,203","53,892",,
Male,831,"3,497","4,146","3,847","3,856","4,086","4,615","4,736","5,214","4,909","4,599","9,385","53,721",,
Indeterminate/Unknown,1,7,4,2,2,2,1,4,2,1,2,3,31,,
LEICHHARDT               ,"2,005","7,690","8,986","9,254","9,498","10,052","11,012","10,206","10,297","9,149","7,727","13,579","109,455",1,
Female,"1,006","3,903","4,523","4,679","4,903","5,092","5,529","5,060","5,204","4,492","3,705","6,826","54,922",,
Male,998,"3,784","4,462","4,573","4,594","4,960","5,482","5,146","5,093","4,657","4,021","6,753","54,523",,
Indeterminate/Unknown,1,3,1,2,1, - ,1, - , - , - ,1, - ,10,,
LILLEY                   ,"2,623","8,874","10,001","10,486","10,257","9,466","10,075","8,324","8,387","7,231","6,248","16,643","108,615",1,
Female,"1,360","4,560","4,979","5,221","5,044","4,776","5,246","4,242","4,329","3,732","3,278","9,695","56,462",,
Male,"1,259","4,307","5,018","5,263","5,213","4,689","4,827","4,081","4,058","3,499","2,970","6,948","52,132",,
Indeterminate/Unknown,4,7,4,2, - ,1,2,1, - , - , - , - ,21,,
LONGMAN                  ,"2,777","9,004","9,005","8,688","8,686","8,980","9,838","9,213","9,693","9,263","9,381","20,174","114,702",1,
Female,"1,459","4,670","4,704","4,539","4,515","4,638","5,054","4,863","5,005","4,900","4,910","10,423","59,680",,
Male,"1,311","4,331","4,300","4,147","4,171","4,341","4,783","4,350","4,687","4,363","4,471","9,751","55,006",,
Indeterminate/Unknown,7,3,1,2, - ,1,1, - ,1, - , - , - ,16,,
MARANOA                  ,"2,109","7,364","7,516","7,057","7,217","7,632","8,733","8,923","9,814","9,597","9,144","19,937","105,043",1,
Female,"1,080","3,615","3,750","3,652","3,790","3,871","4,464","4,436","4,929","4,765","4,395","10,096","52,843",,
Male,"1,027","3,746","3,764","3,405","3,427","3,759","4,269","4,487","4,884","4,832","4,746","9,841","52,187",,
Indeterminate/Unknown,2,3,2, - , - ,2, - , - ,1, - ,3, - ,13,,
MCPHERSON                ,"2,719","8,311","8,784","8,341","9,110","9,353","10,088","8,566","8,928","8,394","7,957","18,682","109,233",1,
Female,"1,429","4,393","4,504","4,293","4,771","4,874","5,180","4,528","4,785","4,522","4,223","10,203","57,705",,
Male,"1,288","3,917","4,276","4,047","4,337","4,479","4,908","4,037","4,143","3,871","3,734","8,478","51,515",,
Indeterminate/Unknown,2,1,4,1,2, - , - ,1, - ,1, - ,1,13,,
MONCRIEFF                ,"2,530","8,706","9,303","8,626","8,613","8,428","9,364","8,698","9,201","8,609","8,265","20,997","111,340",1,
Female,"1,335","4,543","4,615","4,127","4,174","4,146","4,690","4,427","4,743","4,559","4,358","11,370","57,087",,
Male,"1,194","4,160","4,686","4,498","4,439","4,281","4,672","4,270","4,458","4,048","3,905","9,626","54,237",,
Indeterminate/Unknown,1,3,2,1, - ,1,2,1, - ,2,2,1,16,,
MORETON                  ,"3,029","9,937","9,036","9,511","9,809","8,920","9,132","8,009","7,947","7,042","6,250","14,136","102,758",1,
Female,"1,601","4,836","4,321","4,622","4,863","4,411","4,687","4,036","3,982","3,703","3,252","7,798","52,112",,
Male,"1,423","5,091","4,706","4,883","4,943","4,509","4,442","3,972","3,964","3,339","2,998","6,338","50,608",,
Indeterminate/Unknown,5,10,9,6,3, - ,3,1,1, - , - , - ,38,,
OXLEY                    ,"3,021","9,411","9,508","9,941","10,384","9,573","10,081","8,835","8,562","7,129","5,958","11,797","104,200",1,
Female,"1,526","4,708","4,786","5,081","5,227","4,894","5,170","4,556","4,315","3,584","3,119","6,436","53,402",,
Male,"1,494","4,699","4,719","4,859","5,156","4,679","4,909","4,278","4,247","3,545","2,839","5,361","50,785",,
Indeterminate/Unknown,1,4,3,1,1, - ,2,1, - , - , - , - ,13,,
PETRIE                   ,"2,781","8,958","9,137","9,568","10,323","9,904","10,087","9,093","9,112","8,323","7,960","20,226","115,472",1,
Female,"1,463","4,548","4,637","4,956","5,311","5,062","5,189","4,749","4,748","4,510","4,276","11,440","60,889",,
Male,"1,313","4,407","4,497","4,610","5,012","4,842","4,898","4,343","4,364","3,813","3,683","8,785","54,567",,
Indeterminate/Unknown,5,3,3,2, - , - , - ,1, - , - ,1,1,16,,
RANKIN                   ,"2,754","9,522","9,191","9,865","10,578","9,400","9,285","8,287","8,445","7,600","6,764","11,879","103,570",1,
Female,"1,417","4,715","4,656","5,036","5,308","4,660","4,806","4,204","4,417","3,983","3,480","6,212","52,894",,
Male,"1,334","4,806","4,533","4,828","5,269","4,739","4,479","4,083","4,028","3,617","3,284","5,667","50,667",,
Indeterminate/Unknown,3,1,2,1,1,1, - , - , - , - , - , - ,9,,
RYAN                     ,"3,914","11,396","8,868","7,915","8,963","9,631","10,341","8,774","8,147","7,006","6,486","14,815","106,256",1,
Female,"1,981","5,548","4,119","3,990","4,573","4,993","5,309","4,447","4,211","3,694","3,439","8,122","54,426",,
Male,"1,926","5,840","4,745","3,921","4,387","4,638","5,032","4,326","3,935","3,312","3,047","6,693","51,802",,
Indeterminate/Unknown,7,8,4,4,3, - , - ,1,1, - , - , - ,28,,
WIDE BAY                 ,"1,924","5,734","5,461","5,568","6,465","7,414","9,029","9,238","10,741","11,131","11,252","23,559","107,516",1,
Female,933,"2,770","2,744","2,850","3,436","3,856","4,665","4,867","5,662","5,746","5,660","11,871","55,060",,
Male,989,"2,963","2,717","2,717","3,029","3,558","4,363","4,371","5,079","5,385","5,591","11,688","52,450",,
Indeterminate/Unknown,2,1, - ,1, - , - ,1, - , - , - ,1, - ,6,,
WRIGHT                   ,"2,982","8,513","7,966","8,369","9,268","9,813","11,204","10,453","10,506","9,204","8,185","15,647","112,110",1,
Female,"1,562","4,317","4,131","4,369","4,747","5,012","5,742","5,351","5,260","4,610","4,090","7,724","56,915",,
Male,"1,418","4,195","3,834","3,998","4,520","4,799","5,459","5,102","5,246","4,593","4,095","7,922","55,181",,
Indeterminate/Unknown,2,1,1,2,1,2,3, - , - ,1, - ,1,14,,
WA ,"40,151","126,960","132,860","143,954","145,780","137,964","149,093","140,428","140,692","128,247","114,304","245,204","1,645,637",,1
BRAND                    ,"2,704","9,315","10,367","10,587","10,371","9,228","9,972","9,061","8,518","7,159","6,050","13,631","106,963",1,
Female,"1,417","4,679","5,248","5,352","5,193","4,598","4,952","4,517","4,240","3,689","3,141","7,246","54,272",,
Male,"1,285","4,632","5,118","5,234","5,176","4,630","5,020","4,544","4,278","3,470","2,909","6,384","52,680",,
Indeterminate/Unknown,2,4,1,1,2, - , - , - , - , - , - ,1,11,,
BURT                     ,"2,829","9,259","9,420","10,481","11,076","9,750","9,271","8,508","8,217","7,339","6,411","12,657","105,218",1,
Female,"1,448","4,630","4,702","5,193","5,354","4,760","4,542","4,250","4,181","3,808","3,273","6,751","52,892",,
Male,"1,381","4,628","4,716","5,288","5,722","4,990","4,728","4,258","4,035","3,528","3,137","5,906","52,317",,
Indeterminate/Unknown, - ,1,2, - , - , - ,1, - ,1,3,1, - ,9,,
CANNING                  ,"2,478","7,423","7,749","7,978","7,903","7,640","8,723","8,659","9,478","8,839","8,856","21,456","107,182",1,
Female,"1,318","3,735","3,898","4,021","3,934","3,877","4,369","4,363","4,924","4,637","4,540","11,029","54,645",,
Male,"1,158","3,685","3,849","3,957","3,967","3,763","4,353","4,295","4,552","4,201","4,316","10,427","52,523",,
Indeterminate/Unknown,2,3,2, - ,2, - ,1,1,2,1, - , - ,14,,
COWAN                    ,"2,777","8,426","7,833","9,027","9,531","9,056","9,399","8,718","8,254","7,264","6,150","12,233","98,668",1,
Female,"1,389","4,116","3,834","4,506","4,656","4,506","4,807","4,379","4,116","3,807","3,155","6,569","49,840",,
Male,"1,384","4,306","3,994","4,520","4,875","4,549","4,592","4,339","4,138","3,457","2,995","5,664","48,813",,
Indeterminate/Unknown,4,4,5,1, - ,1, - , - , - , - , - , - ,15,,
CURTIN                   ,"2,897","7,815","7,886","8,058","7,652","7,748","8,895","8,624","8,293","7,696","7,029","17,772","100,365",1,
Female,"1,497","3,872","3,988","4,049","3,885","3,935","4,686","4,547","4,200","4,037","3,615","9,968","52,279",,
Male,"1,397","3,936","3,895","4,009","3,765","3,813","4,208","4,077","4,093","3,659","3,414","7,804","48,070",,
Indeterminate/Unknown,3,7,3, - ,2, - ,1, - , - , - , - , - ,16,,
DURACK                   ,"1,498","5,885","7,974","9,385","9,574","9,016","9,673","9,228","9,101","8,044","6,289","11,401","97,068",1,
Female,762,"2,954","4,058","4,818","4,865","4,466","4,683","4,435","4,306","3,794","2,920","5,568","47,629",,
Male,735,"2,930","3,916","4,566","4,708","4,550","4,989","4,792","4,795","4,249","3,369","5,832","49,431",,
Indeterminate/Unknown,1,1, - ,1,1, - ,1,1, - ,1, - ,1,8,,
FORREST                  ,"2,376","6,551","6,749","7,558","8,575","8,882","9,835","9,086","9,530","9,578","8,738","17,963","105,421",1,
Female,"1,223","3,177","3,354","3,941","4,421","4,514","5,002","4,611","4,978","4,948","4,482","9,381","54,032",,
Male,"1,152","3,371","3,394","3,616","4,153","4,368","4,832","4,475","4,552","4,627","4,256","8,581","51,377",,
Indeterminate/Unknown,1,3,1,1,1, - ,1, - , - ,3, - ,1,12,,
FREMANTLE                ,"2,633","8,094","8,719","9,949","9,975","9,308","10,014","8,974","8,847","7,875","6,865","14,130","105,383",1,
Female,"1,421","4,126","4,448","5,025","4,965","4,633","5,077","4,591","4,524","4,069","3,581","7,695","54,155",,
Male,"1,209","3,962","4,267","4,922","5,010","4,674","4,937","4,383","4,322","3,805","3,284","6,435","51,210",,
Indeterminate/Unknown,3,6,4,2, - ,1, - , - ,1,1, - , - ,18,,
HASLUCK                  ,"2,561","7,618","7,203","7,916","8,426","8,164","8,950","8,521","8,799","7,732","7,223","15,510","98,623",1,
Female,"1,257","3,746","3,515","3,895","4,117","3,985","4,479","4,300","4,429","3,914","3,747","8,165","49,549",,
Male,"1,301","3,868","3,686","4,020","4,309","4,179","4,470","4,220","4,369","3,818","3,476","7,345","49,061",,
Indeterminate/Unknown,3,4,2,1, - , - ,1,1,1, - , - , - ,13,,
MOORE                    ,"2,939","8,593","7,093","6,943","7,766","8,156","9,763","9,359","10,209","9,171","8,116","13,416","101,524",1,
Female,"1,478","4,193","3,299","3,409","3,877","4,184","4,986","4,862","5,286","4,718","4,148","7,071","51,511",,
Male,"1,458","4,399","3,793","3,533","3,889","3,971","4,777","4,497","4,923","4,453","3,968","6,345","50,006",,
Indeterminate/Unknown,3,1,1,1, - ,1, - , - , - , - , - , - ,7,,
O'CONNOR                 ,"1,997","6,437","7,019","7,227","7,464","7,764","8,854","9,225","10,031","9,472","8,480","17,934","101,904",1,
Female,"1,027","3,123","3,453","3,632","3,810","3,948","4,451","4,542","5,012","4,666","4,118","9,069","50,851",,
Male,969,"3,313","3,565","3,594","3,653","3,816","4,402","4,682","5,018","4,806","4,361","8,865","51,044",,
Indeterminate/Unknown,1,1,1,1,1, - ,1,1,1, - ,1, - ,9,,
PEARCE                   ,"3,242","10,271","11,243","11,983","11,535","10,672","11,774","10,809","9,567","7,811","6,978","13,703","119,588",1,
Female,"1,629","5,178","5,791","6,081","5,815","5,436","5,975","5,526","4,858","4,020","3,564","6,981","60,854",,
Male,"1,612","5,091","5,449","5,902","5,719","5,235","5,799","5,282","4,709","3,791","3,413","6,722","58,724",,
Indeterminate/Unknown,1,2,3, - ,1,1, - ,1, - , - ,1, - ,10,,
PERTH                    ,"1,985","7,189","9,378","10,887","10,249","8,676","8,848","8,140","7,956","7,440","6,484","14,181","101,413",1,
Female,"1,054","3,646","4,751","5,266","4,850","4,238","4,350","4,000","3,993","3,755","3,286","7,684","50,873",,
Male,928,"3,535","4,619","5,619","5,395","4,438","4,497","4,139","3,963","3,685","3,198","6,497","50,513",,
Indeterminate/Unknown,3,8,8,2,4, - ,1,1, - , - , - , - ,27,,
STIRLING                 ,"2,159","7,137","8,225","9,812","9,702","8,593","8,671","7,845","7,803","7,380","6,688","17,168","101,183",1,
Female,"1,137","3,630","4,118","4,872","4,730","4,301","4,270","3,928","4,007","3,875","3,586","9,662","52,116",,
Male,"1,019","3,506","4,102","4,936","4,971","4,292","4,401","3,917","3,795","3,505","3,102","7,506","49,052",,
Indeterminate/Unknown,3,1,5,4,1, - , - , - ,1, - , - , - ,15,,
SWAN                     ,"2,290","9,141","9,772","10,237","9,472","8,019","8,175","7,632","7,778","7,272","6,345","14,648","100,781",1,
Female,"1,164","4,596","4,642","4,760","4,453","3,815","3,947","3,720","3,908","3,699","3,318","8,308","50,330",,
Male,"1,125","4,533","5,125","5,474","5,019","4,204","4,228","3,911","3,869","3,572","3,026","6,340","50,426",,
Indeterminate/Unknown,1,12,5,3, - , - , - ,1,1,1,1, - ,25,,
TANGNEY                  ,"2,786","7,806","6,230","5,926","6,509","7,292","8,276","8,039","8,311","8,175","7,602","17,401","94,353",1,
Female,"1,380","3,784","2,946","2,964","3,276","3,774","4,280","4,182","4,396","4,253","3,995","9,549","48,779",,
Male,"1,405","4,021","3,283","2,961","3,232","3,518","3,996","3,857","3,915","3,922","3,607","7,852","45,569",,
Indeterminate/Unknown,1,1,1,1,1, - , - , - , - , - , - , - ,5,,
SA ,"26,523","89,275","90,695","93,132","94,013","91,466","102,990","101,221","107,568","100,554","93,463","219,967","1,210,867",,1
ADELAIDE                 ,"2,503","9,947","11,086","11,536","10,838","10,005","10,419","9,884","9,842","9,091","7,854","18,609","121,614",1,
Female,"1,300","5,045","5,423","5,591","5,302","4,840","5,200","4,899","5,002","4,652","4,132","10,517","61,903",,
Male,"1,202","4,895","5,656","5,944","5,535","5,163","5,218","4,985","4,840","4,439","3,722","8,089","59,688",,
Indeterminate/Unknown,1,7,7,1,1,2,1, - , - , - , - ,3,23,,
BARKER                   ,"2,319","7,191","7,467","7,441","7,992","8,207","10,014","10,249","11,586","11,261","10,724","23,947","118,398",1,
Female,"1,175","3,580","3,718","3,734","4,122","4,226","5,035","5,176","5,811","5,592","5,297","12,547","60,013",,
Male,"1,141","3,610","3,748","3,705","3,870","3,981","4,979","5,072","5,773","5,669","5,427","11,399","58,374",,
Indeterminate/Unknown,3,1,1,2, - , - , - ,1,2, - , - ,1,11,,
BOOTHBY                  ,"2,923","9,601","8,891","8,925","9,318","9,318","10,262","9,658","10,457","10,039","9,582","24,995","123,969",1,
Female,"1,524","4,869","4,325","4,455","4,756","4,651","5,261","5,038","5,440","5,330","5,186","14,317","65,152",,
Male,"1,397","4,725","4,565","4,470","4,561","4,665","5,001","4,619","5,017","4,709","4,395","10,677","58,801",,
Indeterminate/Unknown,2,7,1, - ,1,2, - ,1, - , - ,1,1,16,,
GREY                     ,"2,021","7,078","7,905","8,198","7,990","8,048","9,808","10,519","12,036","11,512","10,759","24,083","119,957",1,
Female,"1,014","3,466","3,956","4,151","4,074","4,039","5,016","5,095","5,940","5,626","5,245","12,451","60,073",,
Male,"1,007","3,609","3,948","4,047","3,916","4,009","4,792","5,424","6,093","5,886","5,513","11,630","59,874",,
Indeterminate/Unknown, - ,3,1, - , - , - , - , - ,3, - ,1,2,10,,
HINDMARSH                ,"2,595","9,000","9,315","9,634","9,244","9,118","10,433","10,657","11,126","9,945","8,856","22,741","122,664",1,
Female,"1,309","4,513","4,542","4,819","4,678","4,633","5,280","5,448","5,676","5,196","4,700","12,740","63,534",,
Male,"1,279","4,479","4,771","4,815","4,565","4,485","5,153","5,208","5,450","4,747","4,156","10,001","59,109",,
Indeterminate/Unknown,7,8,2, - ,1, - , - ,1, - ,2, - , - ,21,,
KINGSTON                 ,"2,840","9,301","9,667","10,125","9,977","9,394","9,951","9,535","10,134","9,834","9,438","18,536","118,732",1,
Female,"1,463","4,631","4,839","5,116","5,002","4,726","5,026","4,896","5,352","5,217","4,988","9,999","61,255",,
Male,"1,371","4,667","4,827","5,006","4,975","4,668","4,925","4,639","4,782","4,615","4,450","8,537","57,462",,
Indeterminate/Unknown,6,3,1,3, - , - , - , - , - ,2, - , - ,15,,
MAKIN                    ,"2,787","9,372","9,312","9,843","10,531","9,902","10,459","10,063","10,047","9,013","8,633","20,045","120,007",1,
Female,"1,402","4,592","4,534","4,959","5,157","4,890","5,229","5,131","5,265","4,697","4,616","10,853","61,325",,
Male,"1,383","4,779","4,778","4,884","5,374","5,011","5,228","4,932","4,782","4,314","4,015","9,192","58,672",,
Indeterminate/Unknown,2,1, - , - , - ,1,2, - , - ,2,2, - ,10,,
MAYO                     ,"2,866","7,535","6,704","7,065","8,176","8,914","10,884","10,224","11,575","11,484","11,700","25,164","122,291",1,
Female,"1,484","3,696","3,346","3,725","4,237","4,762","5,607","5,300","5,914","5,994","6,083","13,009","63,157",,
Male,"1,381","3,831","3,357","3,340","3,939","4,152","5,276","4,923","5,659","5,490","5,617","12,155","59,120",,
Indeterminate/Unknown,1,8,1, - , - , - ,1,1,2, - , - , - ,14,,
SPENCE                   ,"2,636","11,147","11,724","11,778","10,701","9,146","9,918","9,953","10,220","8,806","7,157","16,216","119,402",1,
Female,"1,335","5,651","5,860","5,904","5,313","4,404","4,987","4,998","5,197","4,462","3,696","9,004","60,811",,
Male,"1,297","5,494","5,864","5,872","5,387","4,742","4,931","4,952","5,023","4,344","3,461","7,212","58,579",,
Indeterminate/Unknown,4,2, - ,2,1, - , - ,3, - , - , - , - ,12,,
STURT                    ,"3,033","9,103","8,624","8,587","9,246","9,414","10,842","10,479","10,545","9,569","8,760","25,631","123,833",1,
Female,"1,568","4,477","4,201","4,211","4,758","4,794","5,591","5,393","5,494","5,107","4,759","14,648","65,001",,
Male,"1,461","4,621","4,421","4,376","4,488","4,620","5,251","5,085","5,051","4,462","4,001","10,983","58,820",,
Indeterminate/Unknown,4,5,2, - , - , - , - ,1, - , - , - , - ,12,,
TAS,"9,139","27,198","26,708","27,156","27,408","27,819","32,491","32,131","36,533","35,033","32,786","71,674","386,076",,1
BASS                     ,"1,876","5,796","5,550","5,299","5,354","5,437","6,417","6,364","6,931","6,884","6,279","14,400","76,587",1,
Female,952,"2,839","2,731","2,704","2,791","2,839","3,346","3,281","3,601","3,554","3,296","7,804","39,738",,
Male,920,"2,955","2,819","2,594","2,562","2,597","3,071","3,082","3,330","3,330","2,983","6,596","36,839",,
Indeterminate/Unknown,4,2, - ,1,1,1, - ,1, - , - , - , - ,10,,
BRADDON                  ,"1,872","5,424","5,256","5,197","5,193","5,455","6,497","6,720","7,684","7,250","6,888","15,808","79,244",1,
Female,987,"2,705","2,606","2,727","2,644","2,820","3,390","3,485","3,945","3,734","3,517","8,483","41,043",,
Male,882,"2,716","2,650","2,469","2,549","2,635","3,107","3,234","3,738","3,516","3,371","7,324","38,191",,
Indeterminate/Unknown,3,3, - ,1, - , - , - ,1,1, - , - ,1,10,,
CLARK                    ,"1,873","5,756","5,791","5,816","5,627","5,587","6,322","6,004","6,502","6,217","5,651","12,769","73,915",1,
Female,967,"2,899","2,876","2,892","2,889","2,877","3,273","3,099","3,361","3,263","2,947","7,219","38,562",,
Male,900,"2,852","2,910","2,920","2,738","2,709","3,048","2,905","3,141","2,954","2,703","5,550","35,330",,
Indeterminate/Unknown,6,5,5,4, - ,1,1, - , - , - ,1, - ,23,,
FRANKLIN                 ,"1,767","5,029","4,915","5,604","5,846","5,878","6,604","6,122","7,190","6,840","6,542","14,336","76,673",1,
Female,885,"2,492","2,454","2,945","3,067","3,080","3,424","3,274","3,825","3,524","3,436","7,794","40,200",,
Male,880,"2,530","2,460","2,659","2,779","2,798","3,180","2,848","3,363","3,316","3,106","6,541","36,460",,
Indeterminate/Unknown,2,7,1, - , - , - , - , - ,2, - , - ,1,13,,
LYONS                    ,"1,751","5,193","5,196","5,240","5,388","5,462","6,651","6,921","8,226","7,842","7,426","14,361","79,657",1,
Female,922,"2,621","2,665","2,697","2,796","2,815","3,417","3,572","4,162","3,947","3,625","7,252","40,491",,
Male,827,"2,570","2,530","2,542","2,592","2,645","3,234","3,349","4,064","3,894","3,801","7,109","39,157",,
Indeterminate/Unknown,2,2,1,1, - ,2, - , - , - ,1, - , - ,9,,
ACT,"8,264","25,527","27,635","29,131","30,252","27,239","27,374","23,673","22,632","19,383","17,602","37,221","295,933",,1
BEAN                     ,"2,837","8,421","8,743","9,194","9,391","8,850","9,602","8,911","9,136","7,966","7,007","14,458","104,516",1,
Female,"1,430","4,240","4,346","4,669","4,808","4,424","4,993","4,710","4,797","4,208","3,618","7,907","54,150",,
Male,"1,403","4,173","4,395","4,522","4,581","4,425","4,608","4,200","4,339","3,757","3,389","6,551","50,343",,
Indeterminate/Unknown,4,8,2,3,2,1,1,1, - ,1, - , - ,23,,
CANBERRA                 ,"2,844","9,239","9,899","9,020","8,653","7,770","8,123","7,338","7,079","6,143","5,721","13,554","95,383",1,
Female,"1,367","4,568","4,916","4,450","4,345","3,888","4,064","3,718","3,624","3,167","2,995","7,562","48,664",,
Male,"1,469","4,652","4,973","4,567","4,307","3,882","4,059","3,618","3,454","2,976","2,726","5,990","46,673",,
Indeterminate/Unknown,8,19,10,3,1, - , - ,2,1, - , - ,2,46,,
FENNER                   ,"2,583","7,867","8,993","10,917","12,208","10,619","9,649","7,424","6,417","5,274","4,874","9,209","96,034",1,
Female,"1,334","3,888","4,580","5,600","6,136","5,262","4,786","3,648","3,244","2,819","2,683","4,942","48,922",,
Male,"1,246","3,975","4,413","5,316","6,071","5,357","4,861","3,775","3,173","2,455","2,191","4,266","47,099",,
Indeterminate/Unknown,3,4, - ,1,1, - ,2,1, - , - , - ,1,13,,
NT ,"2,170","11,055","15,210","16,100","15,244","13,708","14,293","12,807","11,807","9,652","7,232","10,048","139,326",,1
LINGIARI                 ,919,"5,248","7,661","8,180","7,829","6,919","7,540","6,748","6,077","4,979","3,490","4,404","69,994",1,
Female,471,"2,624","3,958","4,229","3,967","3,530","3,825","3,441","3,025","2,466","1,625","2,123","35,284",,
Male,447,"2,620","3,699","3,944","3,857","3,387","3,714","3,305","3,052","2,511","1,865","2,281","34,682",,
Indeterminate/Unknown,1,4,4,7,5,2,1,2, - ,2, - , - ,28,,
SOLOMON                  ,"1,251","5,807","7,549","7,920","7,415","6,789","6,753","6,059","5,730","4,673","3,742","5,644","69,332",1,
Female,652,"2,787","3,707","3,800","3,665","3,328","3,316","2,945","2,773","2,232","1,777","2,732","33,714",,
Male,599,"3,019","3,841","4,118","3,749","3,461","3,436","3,114","2,957","2,440","1,965","2,912","35,611",,
Indeterminate/Unknown, - ,1,1,2,1, - ,1, - , - ,1, - , - ,7,,
Grand Total,"410,077","1,279,737","1,328,898","1,366,647","1,403,179","1,352,763","1,466,470","1,359,434","1,401,562","1,279,840","1,154,635","2,621,006","16,424,248",,
,,,,,,,,,,,,,,,
,,,,,,,,,,,,,,,
,,,,,,,,,,,,,,,
,,,,,,,,,,,,,,,
,,,,,,,,,,,,,,,
,,,,,,,,,,,,,,,
,,,,,,,,,,,,,,,
,,,,,,,,,,,,,,,
,,,,,,,,,,,,,,,
,,,,,,,,,,,,,,,
,,,,,,,,,,,,,,,
,,,,,,,,,,,,,,,
,,,,,,,,,,,,,,,
,,,,,,,,,,,,,,,
,,,,,,,,,,,,,,,
,,,,,,,,,,,,,,,
,,,,,,,,,,,,,,,
,,,,,,,,,,,,,,,
,,,,,,,,,,,,,,,
,,,,,,,,,,,,,,,
,,,,,,,,,,,,,,,
,,,,,,,,,,,,,,,
,,,,,,,,,,,,,,,
,,,,,,,,,,,,,,,
,,,,,,,,,,,,,,,
,,,,,,,,,,,,,,,
,,,,,,,,,,,,,,,
,,,,,,,,,,,,,,,
,,,,,,,,,,,,,,,
,,,,,,,,,,,,,,,
,,,,,,,,,,,,,,,
,,,,,,,,,,,,,,,
,,,,,,,,,,,,,,,
,,,,,,,,,,,,,,,
,,,,,,,,,,,,,,,
,,,,,,,,,,,,,,,
,,,,,,,,,,,,,,,
,,,,,,,,,,,,,,,
,,,,,,,,,,,,,,,
,,,,,,,,,,,,,,,
,,,,,,,,,,,,,,,
,,,,,,,,,,,,,,,
,,,,,,,,,,,,,,,
,,,,,,,,,,,,,,,
,,,,,,,,,,,,,,,
,,,,,,,,,,,,,,,
,,,,,,,,,,,,,,,
,,,,,,,,,,,,,,,
,,,,,,,,,,,,,,,
,,,,,,,,,,,,,,,
,,,,,,,,,,,,,,,
,,,,,,,,,,,,,,,
,,,,,,,,,,,,,,,
,,,,,,,,,,,,,,,
,,,,,,,,,,,,,,,
,,,,,,,,,,,,,,,
,,,,,,,,,,,,,,,
,,,,,,,,,,,,,,,
,,,,,,,,,,,,,,,
,,,,,,,,,,,,,,,
,,,,,,,,,,,,,,,
,,,,,,,,,,,,,,,
,,,,,,,,,,,,,,,
,,,,,,,,,,,,,,,
,,,,,,,,,,,,,,,
,,,,,,,,,,,,,,,
,,,,,,,,,,,,,,,
,,,,,,,,,,,,,,,
,,,,,,,,,,,,,,,
,,,,,,,,,,,,,,,
,,,,,,,,,,,,,,,
,,,,,,,,,,,,,,,
,,,,,,,,,,,,,,,
,,,,,,,,,,,,,,,
,,,,,,,,,,,,,,,
,,,,,,,,,,,,,,,
,,,,,,,,,,,,,,,
,,,,,,,,,,,,,,,
,,,,,,,,,,,,,,,
,,,,,,,,,,,,,,,
,,,,,,,,,,,,,,,
,,,,,,,,,,,,,,,
,,,,,,,,,,,,,,,
,,,,,,,,,,,,,,,
,,,,,,,,,,,,,,,
,,,,,,,,,,,,,,,
,,,,,,,,,,,,,,,
,,,,,,,,,,,,,,,
,,,,,,,,,,,,,,,
,,,,,,,,,,,,,,,
,,,,,,,,,,,,,,,
,,,,,,,,,,,,,,,
,,,,,,,,,,,,,,,
,,,,,,,,,,,,,,,
,,,,,,,,,,,,,,,
,,,,,,,,,,,,,,,
,,,,,,,,,,,,,,,
,,,,,,,,,,,,,,,
,,,,,,,,,,,,,,,
,,,,,,,,,,,,,,,
,,,,,,,,,,,,,,,
,,,,,,,,,,,,,,,
,,,,,,,,,,,,,,,
,,,,,,,,,,,,,,,
,,,,,,,,,,,,,,,
,,,,,,,,,,,,,,,
,,,,,,,,,,,,,,,
,,,,,,,,,,,,,,,
,,,,,,,,,,,,,,,
,,,,,,,,,,,,,,,
,,,,,,,,,,,,,,,
,,,,,,,,,,,,,,,
,,,,,,,,,,,,,,,
,,,,,,,,,,,,,,,
,,,,,,,,,,,,,,,
,,,,,,,,,,,,,,,
,,,,,,,,,,,,,,,
,,,,,,,,,,,,,,,
,,,,,,,,,,,,,,,
,,,,,,,,,,,,,,,
,,,,,,,,,,,,,,,
,,,,,,,,,,,,,,,
,,,,,,,,,,,,,,,
,,,,,,,,,,,,,,,
,,,,,,,,,,,,,,,
,,,,,,,,,,,,,,,
,,,,,,,,,,,,,,,
,,,,,,,,,,,,,,,
,,,,,,,,,,,,,,,
,,,,,,,,,,,,,,,
,,,,,,,,,,,,,,,
,,,,,,,,,,,,,,,
,,,,,,,,,,,,,,,
,,,,,,,,,,,,,,,
,,,,,,,,,,,,,,,
,,,,,,,,,,,,,,,
,,,,,,,,,,,,,,,
,,,,,,,,,,,,,,,
,,,,,,,,,,,,,,,
,,,,,,,,,,,,,,,
,,,,,,,,,,,,,,,
,,,,,,,,,,,,,,,
,,,,,,,,,,,,,,,
,,,,,,,,,,,,,,,
,,,,,,,,,,,,,,,
,,,,,,,,,,,,,,,
,,,,,,,,,,,,,,,
,,,,,,,,,,,,,,,
,,,,,,,,,,,,,,,
,,,,,,,,,,,,,,,
,,,,,,,,,,,,,,,
,,,,,,,,,,,,,,,
,,,,,,,,,,,,,,,
,,,,,,,,,,,,,,,
,,,,,,,,,,,,,,,
,,,,,,,,,,,,,,,