first_pref,age_group,gender,education,division,state,ALP_supporter
LNP,ages45to59,Female,bachelorDegree,Macquarie,NSW,0
ALP,ages45to59,Female,highSchoolorCertIorIIorLess,Lindsay,NSW,1
ALP,ages45to59,Female,highSchoolorCertIorIIorLess,Hume,NSW,1
Other,ages18to29,Male,gradDipDipCertIIIandIV,Hunter,NSW,0
ALP,ages45to59,Male,highSchoolorCertIorIIorLess,Shortland,NSW,1
Unsure,ages30to44,Female,highSchoolorCertIorIIorLess,Eden-Monaro,NSW,0
LNP,ages45to59,Female,highSchoolorCertIorIIorLess,Eden-Monaro,NSW,0
ALP,ages45to59,Male,gradDipDipCertIIIandIV,Lyne,NSW,1
LNP,ages45to59,Female,highSchoolorCertIorIIorLess,Cowper,NSW,0
Unsure,ages30to44,Female,gradDipDipCertIIIandIV,Cowper,NSW,0
GRN,ages30to44,Female,highSchoolorCertIorIIorLess,Page,NSW,0
LNP,ages18to29,Male,postgraduateDegree,Kingsford Smith,NSW,0
LNP,ages30to44,Male,gradDipDipCertIIIandIV,Hughes,NSW,0
LNP,ages45to59,Female,highSchoolorCertIorIIorLess,Mitchell,NSW,0
LNP,ages45to59,Female,highSchoolorCertIorIIorLess,Bennelong,NSW,0
LNP,ages60plus,Female,highSchoolorCertIorIIorLess,Banks,NSW,0
LNP,ages45to59,Female,highSchoolorCertIorIIorLess,Barton,NSW,0
Other,ages18to29,Female,postgraduateDegree,Warringah,NSW,0
ALP,ages60plus,Male,gradDipDipCertIIIandIV,Bendigo,VIC,1
LNP,ages60plus,Male,highSchoolorCertIorIIorLess,Corangamite,VIC,0
LNP,ages60plus,Male,highSchoolorCertIorIIorLess,Nicholls,VIC,0
LNP,ages18to29,Female,gradDipDipCertIIIandIV,La Trobe,VIC,0
ALP,ages45to59,Female,postgraduateDegree,Holt,VIC,1
ALP,ages30to44,Female,gradDipDipCertIIIandIV,Lyons,TAS,1
ALP,ages45to59,Female,highSchoolorCertIorIIorLess,Lyons,TAS,1
LNP,ages45to59,Female,bachelorDegree,Jagajaga,VIC,0
LNP,ages45to59,Male,postgraduateDegree,Hotham,VIC,0
LNP,ages45to59,Female,bachelorDegree,Macnamara,VIC,0
ALP,ages45to59,Male,gradDipDipCertIIIandIV,Monash,VIC,1
ALP,ages45to59,Female,gradDipDipCertIIIandIV,Dunkley,VIC,1
Unsure,ages45to59,Female,highSchoolorCertIorIIorLess,Kooyong,VIC,0
LNP,ages45to59,Male,gradDipDipCertIIIandIV,Chisholm,VIC,0
ALP,ages45to59,Female,bachelorDegree,Kooyong,VIC,1
ALP,ages45to59,Female,highSchoolorCertIorIIorLess,Deakin,VIC,1
Other,ages45to59,Female,gradDipDipCertIIIandIV,Flynn,QLD,0
ALP,ages45to59,Male,highSchoolorCertIorIIorLess,Griffith,QLD,1
ALP,ages45to59,Male,postgraduateDegree,Oxley,QLD,1
LNP,ages45to59,Male,gradDipDipCertIIIandIV,Blair,QLD,0
ALP,ages30to44,Male,highSchoolorCertIorIIorLess,Ryan,QLD,1
ALP,ages18to29,Female,highSchoolorCertIorIIorLess,Bonner,QLD,1
LNP,ages30to44,Female,bachelorDegree,Brisbane,QLD,0
LNP,ages45to59,Male,gradDipDipCertIIIandIV,Bowman,QLD,0
Other,ages45to59,Female,bachelorDegree,Griffith,QLD,0
LNP,ages45to59,Male,highSchoolorCertIorIIorLess,Petrie,QLD,0
LNP,ages30to44,Female,highSchoolorCertIorIIorLess,Wide Bay,QLD,0
ALP,ages45to59,Female,gradDipDipCertIIIandIV,Hinkler,QLD,1
ALP,ages30to44,Male,highSchoolorCertIorIIorLess,Herbert,QLD,1
LNP,ages45to59,Female,highSchoolorCertIorIIorLess,Capricornia,QLD,0
LNP,ages45to59,Male,highSchoolorCertIorIIorLess,Capricornia,QLD,0
LNP,ages45to59,Female,gradDipDipCertIIIandIV,Wide Bay,QLD,0
LNP,ages60plus,Female,highSchoolorCertIorIIorLess,Longman,QLD,0
ALP,ages60plus,Male,postgraduateDegree,McPherson,QLD,1
LNP,ages45to59,Female,highSchoolorCertIorIIorLess,Mayo,SA,0
LNP,ages18to29,Female,gradDipDipCertIIIandIV,Sturt,SA,0
LNP,ages18to29,Female,bachelorDegree,Adelaide,SA,0
LNP,ages18to29,Female,gradDipDipCertIIIandIV,Kingston,SA,0
LNP,ages30to44,Female,highSchoolorCertIorIIorLess,Fremantle,WA,0
ALP,ages60plus,Female,bachelorDegree,Stirling,WA,1
LNP,ages45to59,Female,highSchoolorCertIorIIorLess,Canning,WA,0
LNP,ages45to59,Female,highSchoolorCertIorIIorLess,Pearce,WA,0
Other,ages30to44,Male,bachelorDegree,Forrest,WA,0
Other,ages18to29,Male,highSchoolorCertIorIIorLess,Brand,WA,0
ALP,ages45to59,Male,postgraduateDegree,Griffith,QLD,1
GRN,ages45to59,Male,bachelorDegree,Gilmore,NSW,0
Other,ages18to29,Female,postgraduateDegree,Eden-Monaro,NSW,0
LNP,ages45to59,Female,highSchoolorCertIorIIorLess,Hunter,NSW,0
GRN,ages18to29,Male,gradDipDipCertIIIandIV,Adelaide,SA,0
ALP,ages30to44,Male,bachelorDegree,Chisholm,VIC,1
ALP,ages18to29,Female,highSchoolorCertIorIIorLess,Cooper,VIC,1
LNP,ages18to29,Female,gradDipDipCertIIIandIV,Hughes,NSW,0
Unsure,ages30to44,Male,gradDipDipCertIIIandIV,Griffith,QLD,0
LNP,ages18to29,Female,highSchoolorCertIorIIorLess,Swan,WA,0
Other,ages45to59,Male,highSchoolorCertIorIIorLess,Shortland,NSW,0
LNP,ages18to29,Female,gradDipDipCertIIIandIV,Dickson,QLD,0
ALP,ages30to44,Female,gradDipDipCertIIIandIV,Brisbane,QLD,1
LNP,ages45to59,Female,gradDipDipCertIIIandIV,Farrer,NSW,0
LNP,ages18to29,Male,postgraduateDegree,Boothby,SA,0
LNP,ages45to59,Male,highSchoolorCertIorIIorLess,Kingston,SA,0
ALP,ages45to59,Female,gradDipDipCertIIIandIV,Holt,VIC,1
LNP,ages45to59,Female,gradDipDipCertIIIandIV,Whitlam,NSW,0
LNP,ages18to29,Female,highSchoolorCertIorIIorLess,La Trobe,VIC,0
ALP,ages30to44,Female,bachelorDegree,Chisholm,VIC,1
ALP,ages45to59,Female,bachelorDegree,Macnamara,VIC,1
LNP,ages18to29,Female,gradDipDipCertIIIandIV,Makin,SA,0
GRN,ages18to29,Male,postgraduateDegree,Hinkler,QLD,0
ALP,ages30to44,Female,gradDipDipCertIIIandIV,Bean,ACT,1
Other,ages60plus,Male,bachelorDegree,Calare,NSW,0
ALP,ages45to59,Female,postgraduateDegree,Whitlam,NSW,1
Other,ages30to44,Male,highSchoolorCertIorIIorLess,Macarthur,NSW,0
GRN,ages18to29,Male,bachelorDegree,Berowra,NSW,0
Other,ages18to29,Male,highSchoolorCertIorIIorLess,Cunningham,NSW,0
ALP,ages30to44,Female,postgraduateDegree,Dickson,QLD,1
ALP,ages18to29,Female,highSchoolorCertIorIIorLess,Bennelong,NSW,1
ALP,ages30to44,Male,highSchoolorCertIorIIorLess,Hindmarsh,SA,1
LNP,ages45to59,Female,bachelorDegree,Cook,NSW,0
LNP,ages60plus,Female,bachelorDegree,Tangney,WA,0
LNP,ages45to59,Female,postgraduateDegree,Robertson,NSW,0
ALP,ages30to44,Female,bachelorDegree,Mitchell,NSW,1
ALP,ages30to44,Male,postgraduateDegree,Adelaide,SA,1
ALP,ages45to59,Female,postgraduateDegree,Adelaide,SA,1
Other,ages18to29,Male,gradDipDipCertIIIandIV,Calare,NSW,0
GRN,ages30to44,Female,bachelorDegree,Page,NSW,0
ALP,ages18to29,Female,highSchoolorCertIorIIorLess,Lalor,VIC,1
LNP,ages45to59,Male,postgraduateDegree,McEwen,VIC,0
GRN,ages18to29,Female,bachelorDegree,Cooper,VIC,0
LNP,ages30to44,Male,postgraduateDegree,Goldstein,VIC,0
LNP,ages45to59,Male,postgraduateDegree,Herbert,QLD,0
Unsure,ages30to44,Female,highSchoolorCertIorIIorLess,Melbourne,VIC,0
LNP,ages30to44,Female,postgraduateDegree,Bowman,QLD,0
ALP,ages45to59,Male,postgraduateDegree,Boothby,SA,1
LNP,ages18to29,Female,postgraduateDegree,Moncrieff,QLD,0
ALP,ages45to59,Female,highSchoolorCertIorIIorLess,Robertson,NSW,1
LNP,ages60plus,Male,bachelorDegree,Swan,WA,0
LNP,ages18to29,Female,bachelorDegree,Gippsland,VIC,0
Other,ages30to44,Female,highSchoolorCertIorIIorLess,Lyne,NSW,0
LNP,ages18to29,Male,gradDipDipCertIIIandIV,Corangamite,VIC,0
GRN,ages45to59,Male,gradDipDipCertIIIandIV,Kingston,SA,0
ALP,ages30to44,Male,highSchoolorCertIorIIorLess,Grey,SA,1
LNP,ages60plus,Male,highSchoolorCertIorIIorLess,Forrest,WA,0
ALP,ages45to59,Male,highSchoolorCertIorIIorLess,Wannon,VIC,1
LNP,ages60plus,Male,highSchoolorCertIorIIorLess,Riverina,NSW,0
Other,ages18to29,Male,bachelorDegree,Grey,SA,0
GRN,ages18to29,Male,postgraduateDegree,Corangamite,VIC,0
GRN,ages18to29,Male,highSchoolorCertIorIIorLess,Melbourne,VIC,0
Unsure,ages18to29,Female,gradDipDipCertIIIandIV,Indi,VIC,0
ALP,ages18to29,Female,gradDipDipCertIIIandIV,Macquarie,NSW,1
LNP,ages45to59,Male,gradDipDipCertIIIandIV,Casey,VIC,0
LNP,ages30to44,Female,highSchoolorCertIorIIorLess,Lyne,NSW,0
GRN,ages18to29,Female,bachelorDegree,Tangney,WA,0
LNP,ages45to59,Male,gradDipDipCertIIIandIV,Cowan,WA,0
GRN,ages18to29,Female,highSchoolorCertIorIIorLess,North Sydney,NSW,0
LNP,ages30to44,Female,postgraduateDegree,Perth,WA,0
ALP,ages45to59,Male,postgraduateDegree,Adelaide,SA,1
GRN,ages30to44,Male,gradDipDipCertIIIandIV,Dunkley,VIC,0
ALP,ages18to29,Male,highSchoolorCertIorIIorLess,Bruce,VIC,1
ALP,ages30to44,Female,highSchoolorCertIorIIorLess,Brand,WA,1
ALP,ages18to29,Male,bachelorDegree,Petrie,QLD,1
LNP,ages30to44,Male,postgraduateDegree,Forrest,WA,0
GRN,ages18to29,Female,highSchoolorCertIorIIorLess,Dunkley,VIC,0
Unsure,ages18to29,Female,postgraduateDegree,Moreton,QLD,0
ALP,ages30to44,Female,gradDipDipCertIIIandIV,Cunningham,NSW,1
LNP,ages45to59,Male,highSchoolorCertIorIIorLess,Robertson,NSW,0
ALP,ages45to59,Male,highSchoolorCertIorIIorLess,Dobell,NSW,1
ALP,ages45to59,Female,highSchoolorCertIorIIorLess,Shortland,NSW,1
ALP,ages45to59,Male,highSchoolorCertIorIIorLess,Shortland,NSW,1
ALP,ages45to59,Female,gradDipDipCertIIIandIV,Robertson,NSW,1
GRN,ages30to44,Male,bachelorDegree,Gilmore,NSW,0
ALP,ages30to44,Male,highSchoolorCertIorIIorLess,Gilmore,NSW,1
LNP,ages30to44,Male,postgraduateDegree,Gilmore,NSW,0
LNP,ages18to29,Female,bachelorDegree,Gilmore,NSW,0
LNP,ages60plus,Female,highSchoolorCertIorIIorLess,Gilmore,NSW,0
ALP,ages30to44,Female,highSchoolorCertIorIIorLess,Eden-Monaro,NSW,1
Other,ages18to29,Female,gradDipDipCertIIIandIV,Macquarie,NSW,0
ALP,ages18to29,Female,highSchoolorCertIorIIorLess,Hughes,NSW,1
ALP,ages45to59,Female,bachelorDegree,Macquarie,NSW,1
ALP,ages45to59,Female,bachelorDegree,Macquarie,NSW,1
ALP,ages30to44,Male,gradDipDipCertIIIandIV,Hume,NSW,1
ALP,ages60plus,Female,bachelorDegree,Whitlam,NSW,1
ALP,ages45to59,Male,gradDipDipCertIIIandIV,Whitlam,NSW,1
Other,ages30to44,Female,highSchoolorCertIorIIorLess,Paterson,NSW,0
LNP,ages45to59,Female,highSchoolorCertIorIIorLess,Lyne,NSW,0
GRN,ages30to44,Female,gradDipDipCertIIIandIV,Shortland,NSW,0
LNP,ages30to44,Male,gradDipDipCertIIIandIV,Newcastle,NSW,0
ALP,ages45to59,Male,gradDipDipCertIIIandIV,Newcastle,NSW,1
Other,ages30to44,Female,postgraduateDegree,Newcastle,NSW,0
Unsure,ages45to59,Female,highSchoolorCertIorIIorLess,Shortland,NSW,0
ALP,ages18to29,Male,highSchoolorCertIorIIorLess,Newcastle,NSW,1
LNP,ages60plus,Male,postgraduateDegree,Paterson,NSW,0
LNP,ages45to59,Female,bachelorDegree,Paterson,NSW,0
ALP,ages45to59,Female,highSchoolorCertIorIIorLess,Lyne,NSW,1
Other,ages45to59,Female,highSchoolorCertIorIIorLess,Indi,VIC,0
LNP,ages45to59,Male,highSchoolorCertIorIIorLess,Farrer,NSW,0
GRN,ages30to44,Male,gradDipDipCertIIIandIV,Farrer,NSW,0
Other,ages45to59,Male,highSchoolorCertIorIIorLess,Indi,VIC,0
Unsure,ages30to44,Female,postgraduateDegree,Canberra,ACT,0
LNP,ages30to44,Female,highSchoolorCertIorIIorLess,Canberra,ACT,0
ALP,ages30to44,Female,highSchoolorCertIorIIorLess,Eden-Monaro,NSW,1
ALP,ages45to59,Female,bachelorDegree,Bean,ACT,1
LNP,ages18to29,Male,bachelorDegree,Eden-Monaro,NSW,0
ALP,ages30to44,Female,bachelorDegree,Canberra,ACT,1
LNP,ages45to59,Male,highSchoolorCertIorIIorLess,Fenner,ACT,0
ALP,ages45to59,Female,postgraduateDegree,Fenner,ACT,1
ALP,ages30to44,Female,highSchoolorCertIorIIorLess,Fenner,ACT,1
GRN,ages45to59,Female,postgraduateDegree,Fenner,ACT,0
Unsure,ages30to44,Female,highSchoolorCertIorIIorLess,Fenner,ACT,0
ALP,ages45to59,Male,bachelorDegree,Riverina,NSW,1
ALP,ages60plus,Male,bachelorDegree,Canberra,ACT,1
ALP,ages45to59,Female,bachelorDegree,Bean,ACT,1
ALP,ages60plus,Male,bachelorDegree,Bean,ACT,1
LNP,ages45to59,Female,gradDipDipCertIIIandIV,Eden-Monaro,NSW,0
ALP,ages45to59,Female,highSchoolorCertIorIIorLess,Calare,NSW,1
ALP,ages30to44,Male,highSchoolorCertIorIIorLess,Chifley,NSW,1
ALP,ages45to59,Male,highSchoolorCertIorIIorLess,Riverina,NSW,1
Other,ages45to59,Male,postgraduateDegree,Bradfield,NSW,0
LNP,ages30to44,Female,gradDipDipCertIIIandIV,Calare,NSW,0
ALP,ages45to59,Male,gradDipDipCertIIIandIV,Calare,NSW,1
Other,ages45to59,Female,gradDipDipCertIIIandIV,Calare,NSW,0
LNP,ages45to59,Female,highSchoolorCertIorIIorLess,Calare,NSW,0
Other,ages18to29,Female,highSchoolorCertIorIIorLess,Calare,NSW,0
GRN,ages30to44,Female,bachelorDegree,Lyne,NSW,0
LNP,ages60plus,Female,bachelorDegree,Lyne,NSW,0
Other,ages30to44,Male,highSchoolorCertIorIIorLess,New England,NSW,0
LNP,ages45to59,Female,bachelorDegree,Cowper,NSW,0
ALP,ages18to29,Female,bachelorDegree,Cowper,NSW,1
Other,ages45to59,Female,postgraduateDegree,Cowper,NSW,0
ALP,ages60plus,Male,bachelorDegree,Lyne,NSW,1
LNP,ages45to59,Male,postgraduateDegree,Page,NSW,0
GRN,ages45to59,Female,highSchoolorCertIorIIorLess,Richmond,NSW,0
GRN,ages30to44,Female,gradDipDipCertIIIandIV,Cowper,NSW,0
ALP,ages45to59,Male,bachelorDegree,Page,NSW,1
LNP,ages45to59,Male,highSchoolorCertIorIIorLess,Page,NSW,0
Unsure,ages18to29,Female,highSchoolorCertIorIIorLess,Cowper,NSW,0
Other,ages45to59,Female,gradDipDipCertIIIandIV,Cowper,NSW,0
GRN,ages18to29,Female,bachelorDegree,Cowper,NSW,0
LNP,ages45to59,Male,gradDipDipCertIIIandIV,Page,NSW,0
Unsure,ages45to59,Female,highSchoolorCertIorIIorLess,Capricornia,QLD,0
ALP,ages45to59,Female,highSchoolorCertIorIIorLess,Richmond,NSW,1
ALP,ages45to59,Female,bachelorDegree,Richmond,NSW,1
LNP,ages45to59,Female,highSchoolorCertIorIIorLess,Richmond,NSW,0
LNP,ages60plus,Female,bachelorDegree,Richmond,NSW,0
ALP,ages30to44,Male,bachelorDegree,Page,NSW,1
ALP,ages18to29,Female,bachelorDegree,New England,NSW,1
Other,ages30to44,Female,gradDipDipCertIIIandIV,New England,NSW,0
LNP,ages60plus,Female,highSchoolorCertIorIIorLess,New England,NSW,0
ALP,ages45to59,Male,highSchoolorCertIorIIorLess,Calare,NSW,1
Other,ages45to59,Male,highSchoolorCertIorIIorLess,Riverina,NSW,0
LNP,ages60plus,Female,bachelorDegree,Riverina,NSW,0
LNP,ages45to59,Female,bachelorDegree,Riverina,NSW,0
ALP,ages45to59,Male,highSchoolorCertIorIIorLess,Riverina,NSW,1
GRN,ages30to44,Female,bachelorDegree,Grayndler,NSW,0
ALP,ages30to44,Male,gradDipDipCertIIIandIV,Warringah,NSW,1
ALP,ages30to44,Male,gradDipDipCertIIIandIV,Blaxland,NSW,1
LNP,ages18to29,Female,highSchoolorCertIorIIorLess,Parramatta,NSW,0
LNP,ages30to44,Male,postgraduateDegree,North Sydney,NSW,0
GRN,ages45to59,Female,highSchoolorCertIorIIorLess,Bradfield,NSW,0
Other,ages30to44,Male,highSchoolorCertIorIIorLess,Wentworth,NSW,0
LNP,ages60plus,Female,postgraduateDegree,Kingsford Smith,NSW,0
LNP,ages45to59,Female,highSchoolorCertIorIIorLess,Kingsford Smith,NSW,0
LNP,ages45to59,Male,postgraduateDegree,North Sydney,NSW,0
LNP,ages60plus,Female,bachelorDegree,Bradfield,NSW,0
Other,ages45to59,Female,postgraduateDegree,Bennelong,NSW,0
LNP,ages45to59,Male,postgraduateDegree,Mackellar,NSW,0
ALP,ages60plus,Female,gradDipDipCertIIIandIV,Berowra,NSW,1
GRN,ages30to44,Female,gradDipDipCertIIIandIV,Berowra,NSW,0
ALP,ages45to59,Male,gradDipDipCertIIIandIV,Bradfield,NSW,1
ALP,ages18to29,Female,postgraduateDegree,Sydney,NSW,1
GRN,ages30to44,Female,postgraduateDegree,Grayndler,NSW,0
LNP,ages45to59,Male,gradDipDipCertIIIandIV,Hughes,NSW,0
LNP,ages45to59,Male,highSchoolorCertIorIIorLess,Hughes,NSW,0
ALP,ages60plus,Male,highSchoolorCertIorIIorLess,Banks,NSW,1
LNP,ages30to44,Male,highSchoolorCertIorIIorLess,Hughes,NSW,0
ALP,ages30to44,Female,highSchoolorCertIorIIorLess,Cook,NSW,1
ALP,ages30to44,Female,gradDipDipCertIIIandIV,Barton,NSW,1
ALP,ages30to44,Male,postgraduateDegree,Grayndler,NSW,1
LNP,ages45to59,Female,highSchoolorCertIorIIorLess,Barton,NSW,0
ALP,ages18to29,Female,postgraduateDegree,Cook,NSW,1
LNP,ages60plus,Male,highSchoolorCertIorIIorLess,Fowler,NSW,0
LNP,ages45to59,Male,highSchoolorCertIorIIorLess,Chifley,NSW,0
ALP,ages30to44,Male,highSchoolorCertIorIIorLess,Richmond,NSW,1
GRN,ages45to59,Female,highSchoolorCertIorIIorLess,Mitchell,NSW,0
LNP,ages60plus,Female,highSchoolorCertIorIIorLess,Mitchell,NSW,0
Other,ages45to59,Male,highSchoolorCertIorIIorLess,Parramatta,NSW,0
ALP,ages45to59,Male,bachelorDegree,McMahon,NSW,1
LNP,ages45to59,Male,gradDipDipCertIIIandIV,Shortland,NSW,0
ALP,ages30to44,Female,highSchoolorCertIorIIorLess,Mitchell,NSW,1
ALP,ages45to59,Female,gradDipDipCertIIIandIV,Mitchell,NSW,1
LNP,ages30to44,Male,highSchoolorCertIorIIorLess,Mitchell,NSW,0
LNP,ages30to44,Male,postgraduateDegree,Mitchell,NSW,0
LNP,ages30to44,Female,highSchoolorCertIorIIorLess,Reid,NSW,0
Other,ages45to59,Female,highSchoolorCertIorIIorLess,Banks,NSW,0
LNP,ages45to59,Male,gradDipDipCertIIIandIV,Dobell,NSW,0
ALP,ages60plus,Female,postgraduateDegree,Reid,NSW,1
GRN,ages18to29,Female,postgraduateDegree,Bennelong,NSW,0
Unsure,ages45to59,Female,highSchoolorCertIorIIorLess,McMahon,NSW,0
ALP,ages45to59,Male,bachelorDegree,Bennelong,NSW,1
LNP,ages30to44,Male,gradDipDipCertIIIandIV,Bennelong,NSW,0
ALP,ages45to59,Female,highSchoolorCertIorIIorLess,Parramatta,NSW,1
LNP,ages30to44,Female,highSchoolorCertIorIIorLess,Berowra,NSW,0
Other,ages18to29,Male,highSchoolorCertIorIIorLess,Warringah,NSW,0
LNP,ages45to59,Female,gradDipDipCertIIIandIV,Warringah,NSW,0
LNP,ages45to59,Male,gradDipDipCertIIIandIV,Warringah,NSW,0
LNP,ages45to59,Female,gradDipDipCertIIIandIV,Mackellar,NSW,0
Other,ages45to59,Male,highSchoolorCertIorIIorLess,North Sydney,NSW,0
LNP,ages30to44,Female,highSchoolorCertIorIIorLess,Mackellar,NSW,0
ALP,ages18to29,Female,highSchoolorCertIorIIorLess,La Trobe,VIC,1
LNP,ages60plus,Male,highSchoolorCertIorIIorLess,Monash,VIC,0
ALP,ages60plus,Male,bachelorDegree,Gippsland,VIC,1
Other,ages45to59,Male,highSchoolorCertIorIIorLess,Gippsland,VIC,0
GRN,ages30to44,Female,bachelorDegree,Gippsland,VIC,0
ALP,ages45to59,Female,gradDipDipCertIIIandIV,Corio,VIC,1
ALP,ages45to59,Male,gradDipDipCertIIIandIV,Corio,VIC,1
LNP,ages30to44,Female,gradDipDipCertIIIandIV,Corio,VIC,0
LNP,ages60plus,Male,highSchoolorCertIorIIorLess,Corangamite,VIC,0
Unsure,ages30to44,Male,bachelorDegree,Corangamite,VIC,0
Unsure,ages18to29,Female,bachelorDegree,Corangamite,VIC,0
GRN,ages30to44,Male,bachelorDegree,Corangamite,VIC,0
ALP,ages18to29,Male,highSchoolorCertIorIIorLess,Corio,VIC,1
GRN,ages60plus,Female,postgraduateDegree,Ballarat,VIC,0
LNP,ages45to59,Female,highSchoolorCertIorIIorLess,Ballarat,VIC,0
ALP,ages30to44,Female,highSchoolorCertIorIIorLess,Corangamite,VIC,1
ALP,ages45to59,Male,bachelorDegree,Wannon,VIC,1
ALP,ages45to59,Male,highSchoolorCertIorIIorLess,Wills,VIC,1
Unsure,ages45to59,Female,bachelorDegree,Bendigo,VIC,0
Other,ages18to29,Male,gradDipDipCertIIIandIV,Bendigo,VIC,0
ALP,ages30to44,Female,highSchoolorCertIorIIorLess,Bendigo,VIC,1
LNP,ages60plus,Male,highSchoolorCertIorIIorLess,Mallee,VIC,0
GRN,ages45to59,Female,postgraduateDegree,Bendigo,VIC,0
Other,ages30to44,Female,highSchoolorCertIorIIorLess,Nicholls,VIC,0
Unsure,ages18to29,Female,highSchoolorCertIorIIorLess,Wannon,VIC,0
ALP,ages30to44,Female,gradDipDipCertIIIandIV,Wannon,VIC,1
LNP,ages45to59,Female,highSchoolorCertIorIIorLess,Monash,VIC,0
ALP,ages45to59,Female,bachelorDegree,Monash,VIC,1
LNP,ages45to59,Male,gradDipDipCertIIIandIV,Nicholls,VIC,0
LNP,ages60plus,Female,highSchoolorCertIorIIorLess,Farrer,NSW,0
LNP,ages18to29,Female,gradDipDipCertIIIandIV,La Trobe,VIC,0
LNP,ages45to59,Male,postgraduateDegree,Flinders,VIC,0
ALP,ages30to44,Male,gradDipDipCertIIIandIV,Clark,TAS,1
Other,ages45to59,Female,postgraduateDegree,Clark,TAS,0
Other,ages60plus,Female,highSchoolorCertIorIIorLess,Clark,TAS,0
ALP,ages45to59,Female,gradDipDipCertIIIandIV,Lyons,TAS,1
ALP,ages18to29,Male,gradDipDipCertIIIandIV,Franklin,TAS,1
LNP,ages45to59,Female,gradDipDipCertIIIandIV,Lyons,TAS,0
GRN,ages18to29,Male,highSchoolorCertIorIIorLess,Bass,TAS,0
LNP,ages60plus,Female,gradDipDipCertIIIandIV,Bass,TAS,0
ALP,ages30to44,Female,gradDipDipCertIIIandIV,Braddon,TAS,1
ALP,ages30to44,Male,gradDipDipCertIIIandIV,Melbourne,VIC,1
LNP,ages45to59,Female,highSchoolorCertIorIIorLess,Maribyrnong,VIC,0
ALP,ages45to59,Female,highSchoolorCertIorIIorLess,Fraser,VIC,1
LNP,ages30to44,Male,highSchoolorCertIorIIorLess,Wannon,VIC,0
ALP,ages60plus,Female,gradDipDipCertIIIandIV,Gellibrand,VIC,1
ALP,ages45to59,Female,gradDipDipCertIIIandIV,Melbourne,VIC,1
Other,ages18to29,Male,postgraduateDegree,Jagajaga,VIC,0
ALP,ages45to59,Male,bachelorDegree,Jagajaga,VIC,1
LNP,ages45to59,Male,highSchoolorCertIorIIorLess,Cooper,VIC,0
GRN,ages45to59,Female,gradDipDipCertIIIandIV,Jagajaga,VIC,0
LNP,ages45to59,Female,bachelorDegree,Goldstein,VIC,0
LNP,ages45to59,Female,bachelorDegree,Goldstein,VIC,0
LNP,ages30to44,Female,bachelorDegree,Goldstein,VIC,0
ALP,ages45to59,Female,bachelorDegree,Goldstein,VIC,1
ALP,ages45to59,Female,gradDipDipCertIIIandIV,Goldstein,VIC,1
ALP,ages30to44,Female,highSchoolorCertIorIIorLess,Macnamara,VIC,1
LNP,ages60plus,Male,bachelorDegree,Menzies,VIC,0
Unsure,ages45to59,Male,gradDipDipCertIIIandIV,Aston,VIC,0
ALP,ages30to44,Female,bachelorDegree,Lalor,VIC,1
LNP,ages45to59,Male,highSchoolorCertIorIIorLess,Bruce,VIC,0
ALP,ages60plus,Female,highSchoolorCertIorIIorLess,Lalor,VIC,1
GRN,ages30to44,Male,gradDipDipCertIIIandIV,Isaacs,VIC,0
Other,ages45to59,Male,gradDipDipCertIIIandIV,Aston,VIC,0
GRN,ages30to44,Female,postgraduateDegree,Kooyong,VIC,0
GRN,ages30to44,Male,gradDipDipCertIIIandIV,Kooyong,VIC,0
LNP,ages60plus,Male,bachelorDegree,Kooyong,VIC,0
LNP,ages30to44,Male,postgraduateDegree,Kooyong,VIC,0
LNP,ages45to59,Female,bachelorDegree,Menzies,VIC,0
ALP,ages60plus,Female,gradDipDipCertIIIandIV,Menzies,VIC,1
LNP,ages45to59,Male,highSchoolorCertIorIIorLess,Flinders,VIC,0
LNP,ages30to44,Male,bachelorDegree,Indi,VIC,0
LNP,ages60plus,Female,highSchoolorCertIorIIorLess,Deakin,VIC,0
ALP,ages18to29,Female,highSchoolorCertIorIIorLess,Deakin,VIC,1
ALP,ages45to59,Male,highSchoolorCertIorIIorLess,Chisholm,VIC,1
ALP,ages18to29,Female,bachelorDegree,Wright,QLD,1
ALP,ages60plus,Female,bachelorDegree,Bonner,QLD,1
LNP,ages45to59,Male,highSchoolorCertIorIIorLess,Brisbane,QLD,0
ALP,ages45to59,Male,gradDipDipCertIIIandIV,Brisbane,QLD,1
GRN,ages18to29,Male,bachelorDegree,Lyne,NSW,0
Other,ages45to59,Male,gradDipDipCertIIIandIV,Petrie,QLD,0
LNP,ages60plus,Male,gradDipDipCertIIIandIV,Bowman,QLD,0
LNP,ages30to44,Female,highSchoolorCertIorIIorLess,Bonner,QLD,0
LNP,ages30to44,Female,highSchoolorCertIorIIorLess,Brisbane,QLD,0
GRN,ages30to44,Female,postgraduateDegree,Moreton,QLD,0
LNP,ages30to44,Female,highSchoolorCertIorIIorLess,Petrie,QLD,0
LNP,ages60plus,Male,gradDipDipCertIIIandIV,Moreton,QLD,0
LNP,ages45to59,Male,postgraduateDegree,Ryan,QLD,0
Other,ages30to44,Male,highSchoolorCertIorIIorLess,Dickson,QLD,0
Other,ages30to44,Male,gradDipDipCertIIIandIV,Moreton,QLD,0
Other,ages60plus,Male,postgraduateDegree,Moreton,QLD,0
LNP,ages45to59,Male,gradDipDipCertIIIandIV,Moreton,QLD,0
LNP,ages45to59,Female,highSchoolorCertIorIIorLess,Moreton,QLD,0
GRN,ages45to59,Female,highSchoolorCertIorIIorLess,Moreton,QLD,0
LNP,ages30to44,Female,highSchoolorCertIorIIorLess,Dickson,QLD,0
Other,ages45to59,Male,highSchoolorCertIorIIorLess,Brisbane,QLD,0
ALP,ages60plus,Male,bachelorDegree,Brisbane,QLD,1
ALP,ages45to59,Female,highSchoolorCertIorIIorLess,Oxley,QLD,1
ALP,ages45to59,Female,gradDipDipCertIIIandIV,Longman,QLD,1
ALP,ages18to29,Female,highSchoolorCertIorIIorLess,Brisbane,QLD,1
LNP,ages45to59,Female,highSchoolorCertIorIIorLess,Dickson,QLD,0
Other,ages18to29,Male,highSchoolorCertIorIIorLess,Brisbane,QLD,0
ALP,ages30to44,Male,highSchoolorCertIorIIorLess,Blair,QLD,1
LNP,ages45to59,Female,postgraduateDegree,Brisbane,QLD,0
GRN,ages30to44,Female,gradDipDipCertIIIandIV,Ryan,QLD,0
GRN,ages45to59,Female,postgraduateDegree,Griffith,QLD,0
ALP,ages45to59,Female,bachelorDegree,Griffith,QLD,1
LNP,ages30to44,Male,highSchoolorCertIorIIorLess,Ryan,QLD,0
LNP,ages18to29,Female,highSchoolorCertIorIIorLess,Dickson,QLD,0
LNP,ages45to59,Female,highSchoolorCertIorIIorLess,Moreton,QLD,0
ALP,ages45to59,Male,postgraduateDegree,Dickson,QLD,1
LNP,ages30to44,Female,highSchoolorCertIorIIorLess,Bonner,QLD,0
GRN,ages18to29,Female,postgraduateDegree,Dawson,QLD,0
LNP,ages45to59,Male,highSchoolorCertIorIIorLess,Kennedy,QLD,0
ALP,ages30to44,Female,postgraduateDegree,Leichhardt,QLD,1
LNP,ages30to44,Male,bachelorDegree,Kennedy,QLD,0
LNP,ages45to59,Female,bachelorDegree,Kennedy,QLD,0
LNP,ages30to44,Female,highSchoolorCertIorIIorLess,Wide Bay,QLD,0
ALP,ages30to44,Female,gradDipDipCertIIIandIV,Wide Bay,QLD,1
ALP,ages30to44,Male,highSchoolorCertIorIIorLess,Wide Bay,QLD,1
LNP,ages30to44,Female,highSchoolorCertIorIIorLess,Hinkler,QLD,0
Other,ages30to44,Male,gradDipDipCertIIIandIV,Hinkler,QLD,0
Unsure,ages45to59,Female,highSchoolorCertIorIIorLess,Flynn,QLD,0
ALP,ages45to59,Female,bachelorDegree,Maranoa,QLD,1
LNP,ages18to29,Male,bachelorDegree,Herbert,QLD,0
LNP,ages30to44,Female,postgraduateDegree,Groom,QLD,0
ALP,ages45to59,Female,postgraduateDegree,Groom,QLD,1
ALP,ages60plus,Female,bachelorDegree,Groom,QLD,1
LNP,ages18to29,Female,highSchoolorCertIorIIorLess,New England,NSW,0
LNP,ages45to59,Female,highSchoolorCertIorIIorLess,Maranoa,QLD,0
LNP,ages45to59,Male,gradDipDipCertIIIandIV,Maranoa,QLD,0
LNP,ages45to59,Female,gradDipDipCertIIIandIV,Kennedy,QLD,0
ALP,ages18to29,Female,bachelorDegree,Herbert,QLD,1
Other,ages18to29,Male,bachelorDegree,Herbert,QLD,0
Other,ages30to44,Female,gradDipDipCertIIIandIV,Kennedy,QLD,0
LNP,ages45to59,Female,bachelorDegree,Capricornia,QLD,0
LNP,ages30to44,Female,highSchoolorCertIorIIorLess,Dawson,QLD,0
ALP,ages45to59,Male,highSchoolorCertIorIIorLess,Capricornia,QLD,1
Other,ages18to29,Male,gradDipDipCertIIIandIV,Fairfax,QLD,0
ALP,ages45to59,Male,gradDipDipCertIIIandIV,Wide Bay,QLD,1
LNP,ages60plus,Female,gradDipDipCertIIIandIV,Fairfax,QLD,0
ALP,ages45to59,Female,highSchoolorCertIorIIorLess,Fairfax,QLD,1
Other,ages45to59,Female,bachelorDegree,Fairfax,QLD,0
LNP,ages45to59,Female,gradDipDipCertIIIandIV,Wright,QLD,0
Other,ages18to29,Male,gradDipDipCertIIIandIV,Blair,QLD,0
ALP,ages30to44,Male,gradDipDipCertIIIandIV,Fairfax,QLD,1
ALP,ages45to59,Female,postgraduateDegree,Wide Bay,QLD,1
ALP,ages45to59,Female,gradDipDipCertIIIandIV,Fisher,QLD,1
ALP,ages45to59,Female,highSchoolorCertIorIIorLess,Longman,QLD,1
ALP,ages30to44,Male,postgraduateDegree,Longman,QLD,1
LNP,ages45to59,Male,gradDipDipCertIIIandIV,Longman,QLD,0
LNP,ages45to59,Male,bachelorDegree,Longman,QLD,0
GRN,ages30to44,Male,highSchoolorCertIorIIorLess,Longman,QLD,0
LNP,ages45to59,Male,highSchoolorCertIorIIorLess,Groom,QLD,0
LNP,ages45to59,Male,gradDipDipCertIIIandIV,McPherson,QLD,0
LNP,ages45to59,Female,postgraduateDegree,Moncrieff,QLD,0
Other,ages45to59,Male,highSchoolorCertIorIIorLess,Moncrieff,QLD,0
ALP,ages45to59,Male,gradDipDipCertIIIandIV,Wright,QLD,1
ALP,ages45to59,Female,gradDipDipCertIIIandIV,McPherson,QLD,1
ALP,ages30to44,Female,highSchoolorCertIorIIorLess,Moncrieff,QLD,1
ALP,ages45to59,Male,bachelorDegree,McPherson,QLD,1
LNP,ages45to59,Female,highSchoolorCertIorIIorLess,Page,NSW,0
ALP,ages45to59,Female,highSchoolorCertIorIIorLess,Forde,QLD,1
Other,ages30to44,Male,gradDipDipCertIIIandIV,Forde,QLD,0
ALP,ages45to59,Male,postgraduateDegree,Moncrieff,QLD,1
GRN,ages45to59,Female,bachelorDegree,Fadden,QLD,0
LNP,ages30to44,Female,highSchoolorCertIorIIorLess,Moncrieff,QLD,0
GRN,ages45to59,Female,bachelorDegree,Forde,QLD,0
ALP,ages18to29,Male,gradDipDipCertIIIandIV,Perth,WA,1
GRN,ages30to44,Female,highSchoolorCertIorIIorLess,Spence,SA,0
LNP,ages60plus,Male,gradDipDipCertIIIandIV,Makin,SA,0
Unsure,ages30to44,Female,highSchoolorCertIorIIorLess,Makin,SA,0
ALP,ages45to59,Female,highSchoolorCertIorIIorLess,Spence,SA,1
LNP,ages45to59,Female,highSchoolorCertIorIIorLess,Makin,SA,0
Other,ages30to44,Male,gradDipDipCertIIIandIV,Sturt,SA,0
LNP,ages60plus,Female,highSchoolorCertIorIIorLess,Boothby,SA,0
LNP,ages18to29,Female,highSchoolorCertIorIIorLess,Spence,SA,0
ALP,ages45to59,Female,bachelorDegree,Makin,SA,1
GRN,ages45to59,Female,gradDipDipCertIIIandIV,Hindmarsh,SA,0
Other,ages45to59,Male,highSchoolorCertIorIIorLess,Hindmarsh,SA,0
ALP,ages45to59,Female,highSchoolorCertIorIIorLess,Adelaide,SA,1
LNP,ages30to44,Female,bachelorDegree,Sturt,SA,0
LNP,ages60plus,Female,highSchoolorCertIorIIorLess,Sturt,SA,0
Other,ages60plus,Male,highSchoolorCertIorIIorLess,Mayo,SA,0
LNP,ages18to29,Male,highSchoolorCertIorIIorLess,Hindmarsh,SA,0
LNP,ages45to59,Female,highSchoolorCertIorIIorLess,Hindmarsh,SA,0
LNP,ages45to59,Male,highSchoolorCertIorIIorLess,Kingston,SA,0
LNP,ages45to59,Female,gradDipDipCertIIIandIV,Kingston,SA,0
LNP,ages45to59,Male,gradDipDipCertIIIandIV,Kingston,SA,0
GRN,ages45to59,Female,bachelorDegree,Kingston,SA,0
ALP,ages30to44,Male,gradDipDipCertIIIandIV,Kingston,SA,1
Other,ages45to59,Female,highSchoolorCertIorIIorLess,Mayo,SA,0
LNP,ages60plus,Female,gradDipDipCertIIIandIV,Sturt,SA,0
Unsure,ages45to59,Female,bachelorDegree,Barker,SA,0
Other,ages45to59,Female,postgraduateDegree,Mayo,SA,0
LNP,ages45to59,Male,gradDipDipCertIIIandIV,Grey,SA,0
LNP,ages60plus,Male,highSchoolorCertIorIIorLess,Barker,SA,0
Other,ages45to59,Female,gradDipDipCertIIIandIV,Grey,SA,0
LNP,ages60plus,Male,highSchoolorCertIorIIorLess,Grey,SA,0
LNP,ages45to59,Male,highSchoolorCertIorIIorLess,Grey,SA,0
LNP,ages30to44,Female,highSchoolorCertIorIIorLess,Grey,SA,0
Other,ages30to44,Male,highSchoolorCertIorIIorLess,Grey,SA,0
Other,ages45to59,Male,gradDipDipCertIIIandIV,Lingiari,NT,0
LNP,ages45to59,Female,bachelorDegree,Lingiari,NT,0
LNP,ages45to59,Male,bachelorDegree,Solomon,NT,0
ALP,ages18to29,Male,bachelorDegree,Durack,WA,1
LNP,ages60plus,Female,highSchoolorCertIorIIorLess,Curtin,WA,0
GRN,ages30to44,Female,postgraduateDegree,Perth,WA,0
LNP,ages45to59,Female,highSchoolorCertIorIIorLess,Perth,WA,0
LNP,ages60plus,Female,highSchoolorCertIorIIorLess,Perth,WA,0
LNP,ages30to44,Male,highSchoolorCertIorIIorLess,Curtin,WA,0
LNP,ages45to59,Female,highSchoolorCertIorIIorLess,Pearce,WA,0
ALP,ages30to44,Male,gradDipDipCertIIIandIV,Cowan,WA,1
Unsure,ages45to59,Female,highSchoolorCertIorIIorLess,Pearce,WA,0
LNP,ages60plus,Female,highSchoolorCertIorIIorLess,Tangney,WA,0
LNP,ages30to44,Male,highSchoolorCertIorIIorLess,Burt,WA,0
LNP,ages45to59,Female,postgraduateDegree,Swan,WA,0
ALP,ages45to59,Male,postgraduateDegree,Swan,WA,1
ALP,ages45to59,Male,gradDipDipCertIIIandIV,Perth,WA,1
LNP,ages30to44,Male,highSchoolorCertIorIIorLess,Swan,WA,0
LNP,ages45to59,Male,postgraduateDegree,Curtin,WA,0
LNP,ages45to59,Female,postgraduateDegree,Curtin,WA,0
LNP,ages45to59,Female,highSchoolorCertIorIIorLess,Canning,WA,0
ALP,ages45to59,Female,highSchoolorCertIorIIorLess,Burt,WA,1
Other,ages45to59,Male,highSchoolorCertIorIIorLess,Canning,WA,0
ALP,ages30to44,Female,highSchoolorCertIorIIorLess,Pearce,WA,1
LNP,ages30to44,Female,highSchoolorCertIorIIorLess,Cowan,WA,0
LNP,ages45to59,Male,gradDipDipCertIIIandIV,Fremantle,WA,0
ALP,ages30to44,Male,gradDipDipCertIIIandIV,Stirling,WA,1
LNP,ages60plus,Female,highSchoolorCertIorIIorLess,Stirling,WA,0
LNP,ages18to29,Female,bachelorDegree,Hasluck,WA,0
GRN,ages60plus,Female,gradDipDipCertIIIandIV,Swan,WA,0
Unsure,ages45to59,Male,highSchoolorCertIorIIorLess,Burt,WA,0
LNP,ages45to59,Female,highSchoolorCertIorIIorLess,Swan,WA,0
ALP,ages18to29,Female,highSchoolorCertIorIIorLess,Burt,WA,1
LNP,ages45to59,Female,gradDipDipCertIIIandIV,Brand,WA,0
ALP,ages45to59,Male,highSchoolorCertIorIIorLess,Canning,WA,1
LNP,ages45to59,Female,highSchoolorCertIorIIorLess,Brand,WA,0
LNP,ages30to44,Male,highSchoolorCertIorIIorLess,Brand,WA,0
LNP,ages30to44,Female,bachelorDegree,Canning,WA,0
Other,ages30to44,Female,highSchoolorCertIorIIorLess,Canning,WA,0
LNP,ages60plus,Female,gradDipDipCertIIIandIV,Swan,WA,0
LNP,ages45to59,Male,highSchoolorCertIorIIorLess,O'Connor,WA,0
Other,ages45to59,Female,highSchoolorCertIorIIorLess,Forrest,WA,0
LNP,ages60plus,Male,highSchoolorCertIorIIorLess,Canning,WA,0
LNP,ages45to59,Female,highSchoolorCertIorIIorLess,Durack,WA,0
LNP,ages45to59,Male,gradDipDipCertIIIandIV,Aston,VIC,0
LNP,ages45to59,Female,highSchoolorCertIorIIorLess,Riverina,NSW,0
ALP,ages30to44,Female,highSchoolorCertIorIIorLess,Blair,QLD,1
Other,ages18to29,Male,highSchoolorCertIorIIorLess,Calare,NSW,0
Other,ages60plus,Male,highSchoolorCertIorIIorLess,Hotham,VIC,0
LNP,ages18to29,Male,highSchoolorCertIorIIorLess,Sydney,NSW,0
Unsure,ages45to59,Female,bachelorDegree,Wills,VIC,0
Unsure,ages18to29,Male,highSchoolorCertIorIIorLess,Corio,VIC,0
Other,ages30to44,Female,gradDipDipCertIIIandIV,Forrest,WA,0
LNP,ages45to59,Female,highSchoolorCertIorIIorLess,Bendigo,VIC,0
Other,ages30to44,Female,highSchoolorCertIorIIorLess,La Trobe,VIC,0
GRN,ages18to29,Female,bachelorDegree,Hindmarsh,SA,0
LNP,ages45to59,Male,highSchoolorCertIorIIorLess,Fadden,QLD,0
LNP,ages30to44,Male,bachelorDegree,Moore,WA,0
LNP,ages30to44,Male,highSchoolorCertIorIIorLess,Burt,WA,0
LNP,ages18to29,Female,gradDipDipCertIIIandIV,Moore,WA,0
LNP,ages45to59,Male,gradDipDipCertIIIandIV,Blaxland,NSW,0
ALP,ages30to44,Male,highSchoolorCertIorIIorLess,Tangney,WA,1
Other,ages18to29,Male,postgraduateDegree,Mayo,SA,0
LNP,ages30to44,Male,gradDipDipCertIIIandIV,Corio,VIC,0
LNP,ages30to44,Male,gradDipDipCertIIIandIV,Gellibrand,VIC,0
ALP,ages45to59,Female,highSchoolorCertIorIIorLess,Leichhardt,QLD,1
Other,ages18to29,Male,bachelorDegree,Newcastle,NSW,0
GRN,ages18to29,Female,gradDipDipCertIIIandIV,Rankin,QLD,0
ALP,ages45to59,Female,highSchoolorCertIorIIorLess,Hunter,NSW,1
ALP,ages30to44,Female,gradDipDipCertIIIandIV,Wannon,VIC,1
GRN,ages18to29,Female,gradDipDipCertIIIandIV,Wills,VIC,0
LNP,ages45to59,Female,gradDipDipCertIIIandIV,Petrie,QLD,0
ALP,ages18to29,Male,highSchoolorCertIorIIorLess,Mitchell,NSW,1
LNP,ages30to44,Male,bachelorDegree,Cook,NSW,0
GRN,ages30to44,Female,highSchoolorCertIorIIorLess,Parramatta,NSW,0
LNP,ages30to44,Male,gradDipDipCertIIIandIV,Eden-Monaro,NSW,0
ALP,ages45to59,Male,highSchoolorCertIorIIorLess,Page,NSW,1
Unsure,ages18to29,Female,highSchoolorCertIorIIorLess,Longman,QLD,0
LNP,ages45to59,Female,highSchoolorCertIorIIorLess,Isaacs,VIC,0
LNP,ages30to44,Male,postgraduateDegree,Makin,SA,0
LNP,ages18to29,Male,gradDipDipCertIIIandIV,Perth,WA,0
ALP,ages18to29,Male,postgraduateDegree,Kooyong,VIC,1
GRN,ages18to29,Male,highSchoolorCertIorIIorLess,Groom,QLD,0
LNP,ages30to44,Female,postgraduateDegree,Wannon,VIC,0
LNP,ages18to29,Female,bachelorDegree,Newcastle,NSW,0
LNP,ages30to44,Male,highSchoolorCertIorIIorLess,Grayndler,NSW,0
LNP,ages45to59,Female,highSchoolorCertIorIIorLess,Rankin,QLD,0
ALP,ages18to29,Female,bachelorDegree,McEwen,VIC,1
ALP,ages30to44,Female,highSchoolorCertIorIIorLess,Berowra,NSW,1
GRN,ages30to44,Female,highSchoolorCertIorIIorLess,Ryan,QLD,0
LNP,ages30to44,Male,gradDipDipCertIIIandIV,Corangamite,VIC,0
ALP,ages30to44,Female,postgraduateDegree,Dunkley,VIC,1
LNP,ages18to29,Female,bachelorDegree,Forde,QLD,0
Other,ages30to44,Female,highSchoolorCertIorIIorLess,Fadden,QLD,0
ALP,ages18to29,Female,bachelorDegree,Casey,VIC,1
ALP,ages45to59,Male,bachelorDegree,Cowper,NSW,1
ALP,ages18to29,Male,postgraduateDegree,Fenner,ACT,1
LNP,ages45to59,Female,highSchoolorCertIorIIorLess,Hume,NSW,0
ALP,ages30to44,Male,bachelorDegree,Forde,QLD,1
ALP,ages18to29,Male,gradDipDipCertIIIandIV,Moore,WA,1
ALP,ages45to59,Female,gradDipDipCertIIIandIV,Spence,SA,1
ALP,ages18to29,Female,bachelorDegree,Bennelong,NSW,1
GRN,ages30to44,Female,bachelorDegree,Newcastle,NSW,0
Other,ages30to44,Female,gradDipDipCertIIIandIV,Calare,NSW,0
ALP,ages45to59,Female,highSchoolorCertIorIIorLess,Macquarie,NSW,1
LNP,ages18to29,Male,highSchoolorCertIorIIorLess,McMahon,NSW,0
GRN,ages18to29,Female,postgraduateDegree,Maribyrnong,VIC,0
ALP,ages45to59,Female,postgraduateDegree,Maribyrnong,VIC,1
Other,ages30to44,Female,gradDipDipCertIIIandIV,Hughes,NSW,0
Other,ages45to59,Male,gradDipDipCertIIIandIV,Kingston,SA,0
ALP,ages18to29,Male,gradDipDipCertIIIandIV,Boothby,SA,1
Other,ages30to44,Male,postgraduateDegree,Macarthur,NSW,0
LNP,ages45to59,Female,highSchoolorCertIorIIorLess,Sturt,SA,0
ALP,ages18to29,Male,bachelorDegree,Dunkley,VIC,1
Other,ages18to29,Male,highSchoolorCertIorIIorLess,Sydney,NSW,0
LNP,ages18to29,Female,bachelorDegree,Parramatta,NSW,0
Other,ages45to59,Male,bachelorDegree,Mackellar,NSW,0
LNP,ages30to44,Male,gradDipDipCertIIIandIV,Sturt,SA,0
GRN,ages30to44,Female,postgraduateDegree,Blaxland,NSW,0
Other,ages18to29,Female,highSchoolorCertIorIIorLess,Spence,SA,0
LNP,ages18to29,Male,postgraduateDegree,Corangamite,VIC,0
Unsure,ages60plus,Male,highSchoolorCertIorIIorLess,Barker,SA,0
GRN,ages18to29,Female,bachelorDegree,Swan,WA,0
LNP,ages18to29,Female,bachelorDegree,Goldstein,VIC,0
LNP,ages18to29,Male,bachelorDegree,Deakin,VIC,0
LNP,ages30to44,Female,highSchoolorCertIorIIorLess,Hindmarsh,SA,0
LNP,ages18to29,Female,gradDipDipCertIIIandIV,Jagajaga,VIC,0
ALP,ages18to29,Female,highSchoolorCertIorIIorLess,Hinkler,QLD,1
LNP,ages30to44,Male,gradDipDipCertIIIandIV,Kingston,SA,0
Other,ages30to44,Female,gradDipDipCertIIIandIV,Maranoa,QLD,0
ALP,ages45to59,Female,highSchoolorCertIorIIorLess,Robertson,NSW,1
LNP,ages45to59,Male,gradDipDipCertIIIandIV,Tangney,WA,0
GRN,ages18to29,Female,highSchoolorCertIorIIorLess,Berowra,NSW,0
ALP,ages30to44,Male,highSchoolorCertIorIIorLess,Gellibrand,VIC,1
ALP,ages18to29,Female,bachelorDegree,Canberra,ACT,1
ALP,ages18to29,Female,gradDipDipCertIIIandIV,Fisher,QLD,1
Unsure,ages45to59,Male,highSchoolorCertIorIIorLess,Dickson,QLD,0
Other,ages45to59,Male,highSchoolorCertIorIIorLess,Sturt,SA,0
LNP,ages18to29,Female,bachelorDegree,Boothby,SA,0
GRN,ages18to29,Female,highSchoolorCertIorIIorLess,Griffith,QLD,0
LNP,ages30to44,Male,highSchoolorCertIorIIorLess,Oxley,QLD,0
Unsure,ages18to29,Female,bachelorDegree,Solomon,NT,0
LNP,ages18to29,Female,bachelorDegree,Hume,NSW,0
GRN,ages18to29,Female,postgraduateDegree,Menzies,VIC,0
LNP,ages30to44,Female,gradDipDipCertIIIandIV,Canberra,ACT,0
Other,ages45to59,Male,gradDipDipCertIIIandIV,Brand,WA,0
ALP,ages45to59,Female,gradDipDipCertIIIandIV,Brisbane,QLD,1
ALP,ages30to44,Male,highSchoolorCertIorIIorLess,Richmond,NSW,1
GRN,ages30to44,Male,bachelorDegree,Wills,VIC,0
ALP,ages30to44,Male,bachelorDegree,Adelaide,SA,1
ALP,ages45to59,Male,bachelorDegree,Parramatta,NSW,1
ALP,ages18to29,Male,postgraduateDegree,Berowra,NSW,1
LNP,ages30to44,Male,bachelorDegree,Stirling,WA,0
ALP,ages30to44,Female,postgraduateDegree,Hume,NSW,1
ALP,ages18to29,Female,highSchoolorCertIorIIorLess,Chisholm,VIC,1
GRN,ages18to29,Female,highSchoolorCertIorIIorLess,Brisbane,QLD,0
LNP,ages45to59,Female,highSchoolorCertIorIIorLess,Flinders,VIC,0
LNP,ages30to44,Male,gradDipDipCertIIIandIV,Higgins,VIC,0
LNP,ages18to29,Male,postgraduateDegree,Adelaide,SA,0
LNP,ages45to59,Male,bachelorDegree,Hindmarsh,SA,0
Other,ages45to59,Male,bachelorDegree,Eden-Monaro,NSW,0
Other,ages30to44,Male,bachelorDegree,Melbourne,VIC,0
ALP,ages45to59,Male,gradDipDipCertIIIandIV,Adelaide,SA,1
LNP,ages30to44,Male,highSchoolorCertIorIIorLess,Fremantle,WA,0
ALP,ages45to59,Female,postgraduateDegree,Higgins,VIC,1
LNP,ages30to44,Male,gradDipDipCertIIIandIV,Shortland,NSW,0
LNP,ages18to29,Female,gradDipDipCertIIIandIV,Forde,QLD,0
LNP,ages18to29,Female,gradDipDipCertIIIandIV,Swan,WA,0
Other,ages18to29,Female,postgraduateDegree,Cowan,WA,0
GRN,ages18to29,Female,highSchoolorCertIorIIorLess,Cooper,VIC,0
Other,ages18to29,Male,gradDipDipCertIIIandIV,Maranoa,QLD,0
ALP,ages45to59,Male,bachelorDegree,Fisher,QLD,1
ALP,ages30to44,Female,bachelorDegree,Brisbane,QLD,1
LNP,ages45to59,Male,highSchoolorCertIorIIorLess,Shortland,NSW,0
ALP,ages45to59,Female,highSchoolorCertIorIIorLess,Bass,TAS,1
Unsure,ages45to59,Female,highSchoolorCertIorIIorLess,Gippsland,VIC,0
GRN,ages45to59,Male,bachelorDegree,Cunningham,NSW,0
ALP,ages45to59,Female,bachelorDegree,Isaacs,VIC,1
LNP,ages30to44,Male,highSchoolorCertIorIIorLess,Nicholls,VIC,0
ALP,ages30to44,Female,bachelorDegree,Higgins,VIC,1
LNP,ages18to29,Male,gradDipDipCertIIIandIV,Boothby,SA,0
Other,ages45to59,Male,bachelorDegree,Pearce,WA,0
LNP,ages30to44,Female,gradDipDipCertIIIandIV,Ballarat,VIC,0
Other,ages30to44,Female,gradDipDipCertIIIandIV,Tangney,WA,0
LNP,ages45to59,Female,highSchoolorCertIorIIorLess,Brand,WA,0
LNP,ages30to44,Female,highSchoolorCertIorIIorLess,Moore,WA,0
LNP,ages18to29,Male,highSchoolorCertIorIIorLess,Dawson,QLD,0
LNP,ages18to29,Female,highSchoolorCertIorIIorLess,Leichhardt,QLD,0
GRN,ages30to44,Male,postgraduateDegree,Wide Bay,QLD,0
ALP,ages45to59,Male,highSchoolorCertIorIIorLess,Hinkler,QLD,1
LNP,ages45to59,Male,highSchoolorCertIorIIorLess,Ballarat,VIC,0
LNP,ages18to29,Female,highSchoolorCertIorIIorLess,Braddon,TAS,0
LNP,ages18to29,Male,gradDipDipCertIIIandIV,Mallee,VIC,0
LNP,ages60plus,Female,highSchoolorCertIorIIorLess,Bonner,QLD,0
Other,ages30to44,Male,bachelorDegree,Eden-Monaro,NSW,0
LNP,ages45to59,Female,highSchoolorCertIorIIorLess,Wide Bay,QLD,0
LNP,ages60plus,Female,highSchoolorCertIorIIorLess,Hunter,NSW,0
ALP,ages18to29,Male,postgraduateDegree,Tangney,WA,1
Other,ages45to59,Male,bachelorDegree,Moore,WA,0
LNP,ages45to59,Male,postgraduateDegree,Lyons,TAS,0
ALP,ages30to44,Female,bachelorDegree,McEwen,VIC,1
ALP,ages45to59,Male,highSchoolorCertIorIIorLess,Nicholls,VIC,1
ALP,ages45to59,Male,postgraduateDegree,Bean,ACT,1
LNP,ages30to44,Male,gradDipDipCertIIIandIV,Eden-Monaro,NSW,0
ALP,ages45to59,Female,gradDipDipCertIIIandIV,Bennelong,NSW,1
LNP,ages45to59,Male,highSchoolorCertIorIIorLess,Cook,NSW,0
ALP,ages30to44,Male,highSchoolorCertIorIIorLess,Lyons,TAS,1
LNP,ages18to29,Male,highSchoolorCertIorIIorLess,Forde,QLD,0
GRN,ages30to44,Female,postgraduateDegree,Lilley,QLD,0
LNP,ages18to29,Female,postgraduateDegree,Aston,VIC,0
LNP,ages45to59,Female,highSchoolorCertIorIIorLess,Hunter,NSW,0
LNP,ages18to29,Female,gradDipDipCertIIIandIV,Corio,VIC,0
LNP,ages30to44,Male,gradDipDipCertIIIandIV,Gilmore,NSW,0
ALP,ages30to44,Female,postgraduateDegree,Mayo,SA,1
GRN,ages30to44,Female,gradDipDipCertIIIandIV,Burt,WA,0
LNP,ages30to44,Male,highSchoolorCertIorIIorLess,Fairfax,QLD,0
Other,ages45to59,Female,highSchoolorCertIorIIorLess,Fisher,QLD,0
ALP,ages30to44,Male,highSchoolorCertIorIIorLess,Lyne,NSW,1
LNP,ages45to59,Male,highSchoolorCertIorIIorLess,Oxley,QLD,0
LNP,ages45to59,Male,gradDipDipCertIIIandIV,Richmond,NSW,0
LNP,ages60plus,Male,bachelorDegree,Leichhardt,QLD,0
LNP,ages45to59,Female,highSchoolorCertIorIIorLess,Grey,SA,0
Other,ages18to29,Male,postgraduateDegree,Adelaide,SA,0
ALP,ages45to59,Male,bachelorDegree,Wentworth,NSW,1
LNP,ages45to59,Male,bachelorDegree,Blair,QLD,0
LNP,ages45to59,Female,highSchoolorCertIorIIorLess,Mayo,SA,0
ALP,ages30to44,Male,highSchoolorCertIorIIorLess,Brand,WA,1
ALP,ages45to59,Female,gradDipDipCertIIIandIV,Canning,WA,1
LNP,ages18to29,Female,bachelorDegree,Page,NSW,0
LNP,ages30to44,Male,postgraduateDegree,Forde,QLD,0
ALP,ages18to29,Male,highSchoolorCertIorIIorLess,Ryan,QLD,1
ALP,ages45to59,Female,highSchoolorCertIorIIorLess,McEwen,VIC,1
LNP,ages18to29,Female,highSchoolorCertIorIIorLess,Corangamite,VIC,0
ALP,ages60plus,Male,gradDipDipCertIIIandIV,Chisholm,VIC,1
LNP,ages18to29,Female,highSchoolorCertIorIIorLess,Dunkley,VIC,0
ALP,ages45to59,Male,gradDipDipCertIIIandIV,Chisholm,VIC,1
ALP,ages18to29,Female,gradDipDipCertIIIandIV,Reid,NSW,1
LNP,ages30to44,Male,bachelorDegree,Perth,WA,0
Other,ages30to44,Female,highSchoolorCertIorIIorLess,Maranoa,QLD,0
LNP,ages60plus,Female,gradDipDipCertIIIandIV,Gippsland,VIC,0
LNP,ages45to59,Female,highSchoolorCertIorIIorLess,Deakin,VIC,0
LNP,ages45to59,Female,postgraduateDegree,Newcastle,NSW,0
LNP,ages18to29,Male,bachelorDegree,Mallee,VIC,0
GRN,ages45to59,Male,gradDipDipCertIIIandIV,Aston,VIC,0
ALP,ages18to29,Male,highSchoolorCertIorIIorLess,Bonner,QLD,1
LNP,ages30to44,Male,postgraduateDegree,Oxley,QLD,0
LNP,ages18to29,Female,highSchoolorCertIorIIorLess,Swan,WA,0
LNP,ages18to29,Male,highSchoolorCertIorIIorLess,Canning,WA,0
GRN,ages18to29,Male,gradDipDipCertIIIandIV,Wannon,VIC,0
Other,ages45to59,Male,gradDipDipCertIIIandIV,Brisbane,QLD,0
LNP,ages18to29,Female,gradDipDipCertIIIandIV,McPherson,QLD,0
LNP,ages30to44,Female,bachelorDegree,Griffith,QLD,0
Other,ages18to29,Male,bachelorDegree,Adelaide,SA,0
Other,ages45to59,Male,gradDipDipCertIIIandIV,Kennedy,QLD,0
GRN,ages30to44,Female,gradDipDipCertIIIandIV,Clark,TAS,0
LNP,ages45to59,Female,gradDipDipCertIIIandIV,Gippsland,VIC,0
LNP,ages45to59,Female,highSchoolorCertIorIIorLess,Gippsland,VIC,0
LNP,ages45to59,Female,highSchoolorCertIorIIorLess,Gippsland,VIC,0
ALP,ages30to44,Female,gradDipDipCertIIIandIV,Longman,QLD,1
ALP,ages45to59,Female,bachelorDegree,Maribyrnong,VIC,1
LNP,ages30to44,Female,highSchoolorCertIorIIorLess,Eden-Monaro,NSW,0
ALP,ages18to29,Male,postgraduateDegree,Deakin,VIC,1
ALP,ages18to29,Female,highSchoolorCertIorIIorLess,Fisher,QLD,1
LNP,ages45to59,Female,gradDipDipCertIIIandIV,Makin,SA,0
ALP,ages30to44,Male,gradDipDipCertIIIandIV,Solomon,NT,1
ALP,ages30to44,Female,gradDipDipCertIIIandIV,Cook,NSW,1
ALP,ages30to44,Female,bachelorDegree,Griffith,QLD,1
GRN,ages18to29,Female,postgraduateDegree,Isaacs,VIC,0
LNP,ages30to44,Female,bachelorDegree,Macarthur,NSW,0
LNP,ages45to59,Female,highSchoolorCertIorIIorLess,Petrie,QLD,0
GRN,ages30to44,Female,bachelorDegree,Tangney,WA,0
ALP,ages30to44,Male,gradDipDipCertIIIandIV,Makin,SA,1
ALP,ages18to29,Female,bachelorDegree,Canberra,ACT,1
LNP,ages30to44,Male,bachelorDegree,Leichhardt,QLD,0
GRN,ages18to29,Female,bachelorDegree,Melbourne,VIC,0
ALP,ages18to29,Male,highSchoolorCertIorIIorLess,Banks,NSW,1
ALP,ages30to44,Female,highSchoolorCertIorIIorLess,Kingston,SA,1
LNP,ages30to44,Female,gradDipDipCertIIIandIV,Franklin,TAS,0
LNP,ages18to29,Male,postgraduateDegree,North Sydney,NSW,0
ALP,ages30to44,Female,highSchoolorCertIorIIorLess,Newcastle,NSW,1
ALP,ages18to29,Male,bachelorDegree,Goldstein,VIC,1
LNP,ages60plus,Male,gradDipDipCertIIIandIV,Stirling,WA,0
Other,ages30to44,Male,bachelorDegree,Moreton,QLD,0
LNP,ages60plus,Male,highSchoolorCertIorIIorLess,Canning,WA,0
Unsure,ages45to59,Female,highSchoolorCertIorIIorLess,Oxley,QLD,0
GRN,ages30to44,Female,postgraduateDegree,Griffith,QLD,0
ALP,ages30to44,Female,postgraduateDegree,Higgins,VIC,1
Other,ages30to44,Female,highSchoolorCertIorIIorLess,Page,NSW,0
Other,ages30to44,Female,highSchoolorCertIorIIorLess,Calwell,VIC,0
GRN,ages18to29,Female,bachelorDegree,Moreton,QLD,0
LNP,ages45to59,Male,postgraduateDegree,Mayo,SA,0
Other,ages45to59,Male,highSchoolorCertIorIIorLess,Hindmarsh,SA,0
ALP,ages30to44,Male,postgraduateDegree,Brisbane,QLD,1
Unsure,ages30to44,Female,highSchoolorCertIorIIorLess,Grey,SA,0
LNP,ages45to59,Female,postgraduateDegree,Adelaide,SA,0
Other,ages18to29,Female,bachelorDegree,Ballarat,VIC,0
ALP,ages18to29,Male,gradDipDipCertIIIandIV,New England,NSW,1
LNP,ages45to59,Male,gradDipDipCertIIIandIV,Dunkley,VIC,0
LNP,ages18to29,Male,highSchoolorCertIorIIorLess,Casey,VIC,0
LNP,ages18to29,Female,bachelorDegree,Curtin,WA,0
Other,ages18to29,Male,highSchoolorCertIorIIorLess,Griffith,QLD,0
ALP,ages30to44,Male,gradDipDipCertIIIandIV,Macarthur,NSW,1
ALP,ages30to44,Female,gradDipDipCertIIIandIV,Gilmore,NSW,1
LNP,ages18to29,Female,postgraduateDegree,Brand,WA,0
ALP,ages30to44,Male,postgraduateDegree,Watson,NSW,1
LNP,ages45to59,Female,gradDipDipCertIIIandIV,Chifley,NSW,0
ALP,ages45to59,Female,postgraduateDegree,Hindmarsh,SA,1
Unsure,ages30to44,Male,bachelorDegree,Hindmarsh,SA,0
ALP,ages18to29,Male,bachelorDegree,Perth,WA,1
LNP,ages45to59,Male,bachelorDegree,Kooyong,VIC,0
ALP,ages30to44,Male,postgraduateDegree,Reid,NSW,1
LNP,ages30to44,Female,postgraduateDegree,Deakin,VIC,0
LNP,ages60plus,Male,highSchoolorCertIorIIorLess,Watson,NSW,0
ALP,ages45to59,Male,bachelorDegree,McEwen,VIC,1
ALP,ages45to59,Male,bachelorDegree,Ballarat,VIC,1
LNP,ages30to44,Male,bachelorDegree,Watson,NSW,0
GRN,ages18to29,Female,highSchoolorCertIorIIorLess,Menzies,VIC,0
Other,ages18to29,Female,bachelorDegree,Macquarie,NSW,0
ALP,ages45to59,Male,highSchoolorCertIorIIorLess,Bean,ACT,1
LNP,ages30to44,Male,highSchoolorCertIorIIorLess,Riverina,NSW,0
ALP,ages45to59,Female,gradDipDipCertIIIandIV,Dickson,QLD,1
LNP,ages30to44,Male,gradDipDipCertIIIandIV,Leichhardt,QLD,0
LNP,ages45to59,Female,postgraduateDegree,McPherson,QLD,0
ALP,ages18to29,Female,highSchoolorCertIorIIorLess,McEwen,VIC,1
ALP,ages30to44,Female,highSchoolorCertIorIIorLess,Warringah,NSW,1
GRN,ages18to29,Male,highSchoolorCertIorIIorLess,Franklin,TAS,0
LNP,ages60plus,Female,highSchoolorCertIorIIorLess,Kooyong,VIC,0
LNP,ages45to59,Female,highSchoolorCertIorIIorLess,Dunkley,VIC,0
Other,ages18to29,Male,bachelorDegree,Bradfield,NSW,0
Other,ages30to44,Female,highSchoolorCertIorIIorLess,Monash,VIC,0
LNP,ages45to59,Female,gradDipDipCertIIIandIV,Kooyong,VIC,0
LNP,ages30to44,Female,highSchoolorCertIorIIorLess,Kooyong,VIC,0
ALP,ages45to59,Male,bachelorDegree,Mayo,SA,1
GRN,ages30to44,Female,bachelorDegree,Berowra,NSW,0
LNP,ages30to44,Male,bachelorDegree,Newcastle,NSW,0
ALP,ages45to59,Female,highSchoolorCertIorIIorLess,Casey,VIC,1
ALP,ages45to59,Male,highSchoolorCertIorIIorLess,Fisher,QLD,1
ALP,ages18to29,Female,highSchoolorCertIorIIorLess,Bradfield,NSW,1
ALP,ages18to29,Female,postgraduateDegree,Grayndler,NSW,1
ALP,ages18to29,Female,highSchoolorCertIorIIorLess,Makin,SA,1
ALP,ages18to29,Male,highSchoolorCertIorIIorLess,Adelaide,SA,1
ALP,ages18to29,Female,gradDipDipCertIIIandIV,Melbourne,VIC,1
Unsure,ages18to29,Female,postgraduateDegree,Bradfield,NSW,0
ALP,ages30to44,Male,postgraduateDegree,Lyons,TAS,1
ALP,ages45to59,Female,highSchoolorCertIorIIorLess,Ryan,QLD,1
GRN,ages18to29,Female,highSchoolorCertIorIIorLess,Wide Bay,QLD,0
LNP,ages45to59,Female,postgraduateDegree,Hasluck,WA,0
LNP,ages45to59,Male,postgraduateDegree,Perth,WA,0
ALP,ages45to59,Male,highSchoolorCertIorIIorLess,Maribyrnong,VIC,1
LNP,ages45to59,Male,highSchoolorCertIorIIorLess,Kingston,SA,0
ALP,ages18to29,Female,bachelorDegree,Kooyong,VIC,1
ALP,ages18to29,Female,highSchoolorCertIorIIorLess,Fowler,NSW,1
ALP,ages18to29,Female,highSchoolorCertIorIIorLess,Kingston,SA,1
ALP,ages45to59,Female,highSchoolorCertIorIIorLess,Ballarat,VIC,1
LNP,ages60plus,Male,gradDipDipCertIIIandIV,Warringah,NSW,0
LNP,ages45to59,Male,gradDipDipCertIIIandIV,Hunter,NSW,0
LNP,ages30to44,Female,highSchoolorCertIorIIorLess,Lilley,QLD,0
ALP,ages18to29,Male,highSchoolorCertIorIIorLess,Rankin,QLD,1
ALP,ages18to29,Male,bachelorDegree,Scullin,VIC,1
LNP,ages45to59,Female,highSchoolorCertIorIIorLess,Makin,SA,0
GRN,ages30to44,Male,highSchoolorCertIorIIorLess,Wide Bay,QLD,0
LNP,ages30to44,Female,gradDipDipCertIIIandIV,Calare,NSW,0
GRN,ages18to29,Male,gradDipDipCertIIIandIV,North Sydney,NSW,0
LNP,ages30to44,Male,postgraduateDegree,Lilley,QLD,0
LNP,ages45to59,Male,highSchoolorCertIorIIorLess,Bass,TAS,0
GRN,ages30to44,Male,postgraduateDegree,Bradfield,NSW,0
ALP,ages18to29,Female,postgraduateDegree,Clark,TAS,1
LNP,ages45to59,Male,gradDipDipCertIIIandIV,Moreton,QLD,0
ALP,ages30to44,Male,highSchoolorCertIorIIorLess,Melbourne,VIC,1
LNP,ages60plus,Male,postgraduateDegree,Cook,NSW,0
Other,ages45to59,Male,highSchoolorCertIorIIorLess,Paterson,NSW,0
Other,ages45to59,Male,highSchoolorCertIorIIorLess,McMahon,NSW,0
ALP,ages18to29,Female,highSchoolorCertIorIIorLess,Fenner,ACT,1
LNP,ages18to29,Male,highSchoolorCertIorIIorLess,Sydney,NSW,0
ALP,ages30to44,Female,postgraduateDegree,Kingsford Smith,NSW,1
LNP,ages30to44,Male,highSchoolorCertIorIIorLess,Paterson,NSW,0
ALP,ages45to59,Female,highSchoolorCertIorIIorLess,Forde,QLD,1
LNP,ages45to59,Female,gradDipDipCertIIIandIV,Curtin,WA,0
ALP,ages18to29,Female,gradDipDipCertIIIandIV,Greenway,NSW,1
GRN,ages18to29,Female,bachelorDegree,Chisholm,VIC,0
LNP,ages18to29,Male,bachelorDegree,Greenway,NSW,0
GRN,ages30to44,Female,gradDipDipCertIIIandIV,Eden-Monaro,NSW,0
LNP,ages45to59,Female,highSchoolorCertIorIIorLess,Deakin,VIC,0
ALP,ages45to59,Male,highSchoolorCertIorIIorLess,Dobell,NSW,1
Other,ages18to29,Female,highSchoolorCertIorIIorLess,Hindmarsh,SA,0
LNP,ages30to44,Male,gradDipDipCertIIIandIV,Mitchell,NSW,0
LNP,ages30to44,Male,highSchoolorCertIorIIorLess,Pearce,WA,0
ALP,ages30to44,Male,highSchoolorCertIorIIorLess,Ballarat,VIC,1
Other,ages30to44,Female,gradDipDipCertIIIandIV,Makin,SA,0
ALP,ages45to59,Female,highSchoolorCertIorIIorLess,Spence,SA,1
ALP,ages18to29,Female,bachelorDegree,Melbourne,VIC,1
LNP,ages18to29,Female,bachelorDegree,Sydney,NSW,0
Other,ages45to59,Male,gradDipDipCertIIIandIV,Makin,SA,0
ALP,ages18to29,Female,postgraduateDegree,Corangamite,VIC,1
LNP,ages18to29,Female,bachelorDegree,Brisbane,QLD,0
Other,ages45to59,Female,highSchoolorCertIorIIorLess,Braddon,TAS,0
ALP,ages45to59,Male,postgraduateDegree,Hume,NSW,1
LNP,ages30to44,Male,highSchoolorCertIorIIorLess,McMahon,NSW,0
Other,ages45to59,Male,bachelorDegree,Cunningham,NSW,0
Other,ages18to29,Female,postgraduateDegree,Bean,ACT,0
GRN,ages30to44,Male,postgraduateDegree,Page,NSW,0
ALP,ages45to59,Female,highSchoolorCertIorIIorLess,Bendigo,VIC,1
LNP,ages30to44,Female,highSchoolorCertIorIIorLess,Tangney,WA,0
Other,ages30to44,Female,bachelorDegree,Franklin,TAS,0
ALP,ages30to44,Male,gradDipDipCertIIIandIV,Ballarat,VIC,1
ALP,ages18to29,Female,highSchoolorCertIorIIorLess,Bendigo,VIC,1
ALP,ages18to29,Male,postgraduateDegree,Bass,TAS,1
Other,ages18to29,Female,gradDipDipCertIIIandIV,Bass,TAS,0
ALP,ages18to29,Female,bachelorDegree,Holt,VIC,1
LNP,ages30to44,Female,gradDipDipCertIIIandIV,Hume,NSW,0
GRN,ages30to44,Male,bachelorDegree,Robertson,NSW,0
Unsure,ages18to29,Female,highSchoolorCertIorIIorLess,Capricornia,QLD,0
LNP,ages45to59,Male,gradDipDipCertIIIandIV,Bass,TAS,0
Other,ages30to44,Male,highSchoolorCertIorIIorLess,Corangamite,VIC,0
ALP,ages45to59,Male,bachelorDegree,Flinders,VIC,1
ALP,ages45to59,Male,gradDipDipCertIIIandIV,Hunter,NSW,1
GRN,ages18to29,Female,bachelorDegree,Bean,ACT,0
ALP,ages45to59,Female,gradDipDipCertIIIandIV,Jagajaga,VIC,1
LNP,ages30to44,Male,bachelorDegree,Kennedy,QLD,0
LNP,ages30to44,Female,bachelorDegree,Dickson,QLD,0
LNP,ages18to29,Female,bachelorDegree,Casey,VIC,0
Unsure,ages18to29,Female,bachelorDegree,Forde,QLD,0
LNP,ages30to44,Male,highSchoolorCertIorIIorLess,Blair,QLD,0
GRN,ages30to44,Male,postgraduateDegree,Ryan,QLD,0
ALP,ages45to59,Male,highSchoolorCertIorIIorLess,Deakin,VIC,1
LNP,ages30to44,Male,bachelorDegree,Cowan,WA,0
GRN,ages30to44,Male,gradDipDipCertIIIandIV,Boothby,SA,0
ALP,ages30to44,Female,highSchoolorCertIorIIorLess,Grey,SA,1
LNP,ages45to59,Male,gradDipDipCertIIIandIV,Forrest,WA,0
LNP,ages45to59,Male,highSchoolorCertIorIIorLess,Burt,WA,0
ALP,ages45to59,Male,highSchoolorCertIorIIorLess,Stirling,WA,1
LNP,ages45to59,Male,highSchoolorCertIorIIorLess,Burt,WA,0
Other,ages30to44,Male,highSchoolorCertIorIIorLess,Perth,WA,0
ALP,ages30to44,Female,highSchoolorCertIorIIorLess,Canning,WA,1
Unsure,ages30to44,Female,bachelorDegree,Mallee,VIC,0
LNP,ages30to44,Female,gradDipDipCertIIIandIV,Hasluck,WA,0
LNP,ages18to29,Female,postgraduateDegree,Ryan,QLD,0
LNP,ages45to59,Female,highSchoolorCertIorIIorLess,Bruce,VIC,0
ALP,ages30to44,Male,bachelorDegree,Brisbane,QLD,1
Other,ages18to29,Male,highSchoolorCertIorIIorLess,La Trobe,VIC,0
ALP,ages45to59,Male,gradDipDipCertIIIandIV,Whitlam,NSW,1
Unsure,ages45to59,Male,bachelorDegree,Page,NSW,0
LNP,ages45to59,Male,highSchoolorCertIorIIorLess,Nicholls,VIC,0
ALP,ages45to59,Female,gradDipDipCertIIIandIV,Wide Bay,QLD,1
LNP,ages45to59,Male,gradDipDipCertIIIandIV,Fadden,QLD,0
ALP,ages18to29,Female,highSchoolorCertIorIIorLess,Paterson,NSW,1
LNP,ages60plus,Male,highSchoolorCertIorIIorLess,Nicholls,VIC,0
GRN,ages18to29,Male,gradDipDipCertIIIandIV,Cooper,VIC,0
LNP,ages30to44,Male,gradDipDipCertIIIandIV,Isaacs,VIC,0
Other,ages30to44,Female,bachelorDegree,Dunkley,VIC,0
LNP,ages30to44,Male,gradDipDipCertIIIandIV,Dunkley,VIC,0
Other,ages30to44,Male,highSchoolorCertIorIIorLess,Lyons,TAS,0
LNP,ages30to44,Male,highSchoolorCertIorIIorLess,Hinkler,QLD,0
LNP,ages45to59,Male,bachelorDegree,Capricornia,QLD,0
LNP,ages18to29,Female,highSchoolorCertIorIIorLess,Mayo,SA,0
LNP,ages18to29,Female,bachelorDegree,Groom,QLD,0
ALP,ages18to29,Female,postgraduateDegree,Lilley,QLD,1
LNP,ages45to59,Female,bachelorDegree,Riverina,NSW,0
LNP,ages45to59,Male,gradDipDipCertIIIandIV,Moore,WA,0
LNP,ages18to29,Male,postgraduateDegree,Melbourne,VIC,0
LNP,ages45to59,Male,gradDipDipCertIIIandIV,New England,NSW,0
LNP,ages60plus,Female,highSchoolorCertIorIIorLess,Ryan,QLD,0
LNP,ages45to59,Female,postgraduateDegree,Rankin,QLD,0
GRN,ages45to59,Male,postgraduateDegree,Maribyrnong,VIC,0
ALP,ages18to29,Female,highSchoolorCertIorIIorLess,Holt,VIC,1
LNP,ages30to44,Male,postgraduateDegree,Casey,VIC,0
LNP,ages60plus,Male,bachelorDegree,Wentworth,NSW,0
LNP,ages18to29,Male,gradDipDipCertIIIandIV,Lalor,VIC,0
GRN,ages18to29,Female,bachelorDegree,Lilley,QLD,0
LNP,ages30to44,Male,highSchoolorCertIorIIorLess,Moncrieff,QLD,0
LNP,ages30to44,Male,bachelorDegree,Chisholm,VIC,0
LNP,ages18to29,Male,highSchoolorCertIorIIorLess,Macquarie,NSW,0
ALP,ages18to29,Female,bachelorDegree,Farrer,NSW,1
LNP,ages30to44,Male,bachelorDegree,Indi,VIC,0
LNP,ages45to59,Male,highSchoolorCertIorIIorLess,Braddon,TAS,0
LNP,ages30to44,Male,bachelorDegree,Moreton,QLD,0
GRN,ages18to29,Female,postgraduateDegree,Fraser,VIC,0
LNP,ages30to44,Male,highSchoolorCertIorIIorLess,Bean,ACT,0
ALP,ages30to44,Male,gradDipDipCertIIIandIV,Bendigo,VIC,1
LNP,ages18to29,Female,postgraduateDegree,Melbourne,VIC,0
LNP,ages18to29,Male,gradDipDipCertIIIandIV,Capricornia,QLD,0
ALP,ages45to59,Male,postgraduateDegree,Hunter,NSW,1
GRN,ages30to44,Male,bachelorDegree,Maribyrnong,VIC,0
ALP,ages18to29,Male,highSchoolorCertIorIIorLess,Gellibrand,VIC,1
ALP,ages30to44,Female,gradDipDipCertIIIandIV,Scullin,VIC,1
ALP,ages45to59,Female,gradDipDipCertIIIandIV,Jagajaga,VIC,1
ALP,ages45to59,Male,highSchoolorCertIorIIorLess,Forrest,WA,1
LNP,ages45to59,Male,highSchoolorCertIorIIorLess,Hasluck,WA,0
ALP,ages45to59,Male,gradDipDipCertIIIandIV,Durack,WA,1
ALP,ages30to44,Male,postgraduateDegree,Riverina,NSW,1
LNP,ages30to44,Female,gradDipDipCertIIIandIV,Richmond,NSW,0
GRN,ages30to44,Male,highSchoolorCertIorIIorLess,Mayo,SA,0
ALP,ages45to59,Female,postgraduateDegree,Forde,QLD,1
ALP,ages18to29,Female,gradDipDipCertIIIandIV,Lindsay,NSW,1
LNP,ages30to44,Male,postgraduateDegree,Isaacs,VIC,0
Other,ages18to29,Female,postgraduateDegree,Grayndler,NSW,0
ALP,ages18to29,Female,postgraduateDegree,Bonner,QLD,1
ALP,ages18to29,Female,postgraduateDegree,Parramatta,NSW,1
Other,ages60plus,Male,gradDipDipCertIIIandIV,Kingston,SA,0
LNP,ages18to29,Female,gradDipDipCertIIIandIV,Swan,WA,0
ALP,ages18to29,Female,highSchoolorCertIorIIorLess,Maribyrnong,VIC,1
LNP,ages18to29,Male,bachelorDegree,Petrie,QLD,0
LNP,ages45to59,Female,bachelorDegree,Sturt,SA,0
LNP,ages30to44,Female,highSchoolorCertIorIIorLess,Hume,NSW,0
GRN,ages18to29,Male,bachelorDegree,Canberra,ACT,0
GRN,ages18to29,Female,bachelorDegree,Stirling,WA,0
LNP,ages18to29,Female,highSchoolorCertIorIIorLess,New England,NSW,0
LNP,ages18to29,Male,bachelorDegree,Scullin,VIC,0
LNP,ages30to44,Female,bachelorDegree,Calare,NSW,0
GRN,ages18to29,Female,bachelorDegree,Barton,NSW,0
GRN,ages18to29,Female,bachelorDegree,McPherson,QLD,0
LNP,ages18to29,Male,bachelorDegree,Stirling,WA,0
LNP,ages30to44,Male,gradDipDipCertIIIandIV,Sturt,SA,0
LNP,ages18to29,Male,highSchoolorCertIorIIorLess,Scullin,VIC,0
ALP,ages30to44,Male,gradDipDipCertIIIandIV,Kingston,SA,1
Other,ages18to29,Male,highSchoolorCertIorIIorLess,Adelaide,SA,0
LNP,ages30to44,Male,highSchoolorCertIorIIorLess,Mayo,SA,0
ALP,ages45to59,Male,bachelorDegree,Fadden,QLD,1
ALP,ages45to59,Male,bachelorDegree,Hunter,NSW,1
ALP,ages18to29,Male,gradDipDipCertIIIandIV,Isaacs,VIC,1
LNP,ages18to29,Female,bachelorDegree,Kingston,SA,0
LNP,ages45to59,Male,highSchoolorCertIorIIorLess,Bennelong,NSW,0
ALP,ages18to29,Male,gradDipDipCertIIIandIV,Isaacs,VIC,1
ALP,ages18to29,Male,bachelorDegree,Dawson,QLD,1
Unsure,ages30to44,Male,gradDipDipCertIIIandIV,Gellibrand,VIC,0
ALP,ages30to44,Female,gradDipDipCertIIIandIV,Kingston,SA,1
LNP,ages18to29,Female,bachelorDegree,Aston,VIC,0
LNP,ages30to44,Male,bachelorDegree,Dunkley,VIC,0
GRN,ages18to29,Female,highSchoolorCertIorIIorLess,Casey,VIC,0
GRN,ages18to29,Female,highSchoolorCertIorIIorLess,McEwen,VIC,0
ALP,ages45to59,Male,highSchoolorCertIorIIorLess,Sturt,SA,1
Other,ages30to44,Male,bachelorDegree,Bowman,QLD,0
Other,ages18to29,Male,postgraduateDegree,Moreton,QLD,0
LNP,ages45to59,Female,highSchoolorCertIorIIorLess,Lilley,QLD,0
LNP,ages60plus,Male,postgraduateDegree,Cunningham,NSW,0
ALP,ages18to29,Male,bachelorDegree,Swan,WA,1
ALP,ages30to44,Male,highSchoolorCertIorIIorLess,Fadden,QLD,1
LNP,ages18to29,Male,bachelorDegree,Wright,QLD,0
ALP,ages18to29,Male,highSchoolorCertIorIIorLess,Hughes,NSW,1
LNP,ages45to59,Male,highSchoolorCertIorIIorLess,Parramatta,NSW,0
Unsure,ages30to44,Female,gradDipDipCertIIIandIV,Flinders,VIC,0
LNP,ages18to29,Female,gradDipDipCertIIIandIV,Lindsay,NSW,0
LNP,ages18to29,Female,postgraduateDegree,Higgins,VIC,0
GRN,ages18to29,Female,gradDipDipCertIIIandIV,Lilley,QLD,0
LNP,ages45to59,Male,gradDipDipCertIIIandIV,Parkes,NSW,0
Other,ages30to44,Male,highSchoolorCertIorIIorLess,Melbourne,VIC,0
GRN,ages18to29,Male,gradDipDipCertIIIandIV,Bowman,QLD,0
GRN,ages18to29,Male,bachelorDegree,Ryan,QLD,0
ALP,ages45to59,Female,highSchoolorCertIorIIorLess,Fairfax,QLD,1
Other,ages30to44,Male,gradDipDipCertIIIandIV,Flynn,QLD,0
ALP,ages30to44,Female,highSchoolorCertIorIIorLess,Spence,SA,1
LNP,ages30to44,Female,postgraduateDegree,Hindmarsh,SA,0
ALP,ages18to29,Male,highSchoolorCertIorIIorLess,Bean,ACT,1
ALP,ages30to44,Female,gradDipDipCertIIIandIV,Hunter,NSW,1
LNP,ages18to29,Male,highSchoolorCertIorIIorLess,Casey,VIC,0
ALP,ages45to59,Female,bachelorDegree,Bean,ACT,1
ALP,ages18to29,Male,gradDipDipCertIIIandIV,Sydney,NSW,1
Other,ages30to44,Male,gradDipDipCertIIIandIV,Lilley,QLD,0
ALP,ages30to44,Female,highSchoolorCertIorIIorLess,Brisbane,QLD,1
LNP,ages18to29,Male,bachelorDegree,Perth,WA,0
GRN,ages18to29,Male,postgraduateDegree,Macquarie,NSW,0
LNP,ages45to59,Male,highSchoolorCertIorIIorLess,McMahon,NSW,0
GRN,ages18to29,Male,bachelorDegree,Wide Bay,QLD,0
Other,ages45to59,Female,highSchoolorCertIorIIorLess,Solomon,NT,0
ALP,ages30to44,Male,gradDipDipCertIIIandIV,Eden-Monaro,NSW,1
Other,ages18to29,Male,bachelorDegree,Dunkley,VIC,0
ALP,ages60plus,Male,highSchoolorCertIorIIorLess,Canberra,ACT,1
ALP,ages18to29,Female,highSchoolorCertIorIIorLess,Blair,QLD,1
ALP,ages45to59,Female,highSchoolorCertIorIIorLess,Macarthur,NSW,1
GRN,ages18to29,Male,postgraduateDegree,Griffith,QLD,0
LNP,ages18to29,Female,gradDipDipCertIIIandIV,Casey,VIC,0
Other,ages30to44,Female,gradDipDipCertIIIandIV,Fadden,QLD,0
ALP,ages18to29,Female,highSchoolorCertIorIIorLess,Grayndler,NSW,1
ALP,ages18to29,Female,highSchoolorCertIorIIorLess,Calwell,VIC,1
Other,ages30to44,Male,postgraduateDegree,Greenway,NSW,0
LNP,ages45to59,Female,bachelorDegree,Lindsay,NSW,0
ALP,ages18to29,Female,highSchoolorCertIorIIorLess,Sydney,NSW,1
LNP,ages18to29,Female,gradDipDipCertIIIandIV,Chifley,NSW,0
LNP,ages18to29,Female,postgraduateDegree,Barton,NSW,0
ALP,ages30to44,Female,postgraduateDegree,Scullin,VIC,1
LNP,ages45to59,Male,gradDipDipCertIIIandIV,Aston,VIC,0
ALP,ages45to59,Male,gradDipDipCertIIIandIV,Bruce,VIC,1
GRN,ages60plus,Male,highSchoolorCertIorIIorLess,Flinders,VIC,0
Other,ages30to44,Female,postgraduateDegree,Gorton,VIC,0
GRN,ages30to44,Female,postgraduateDegree,Wills,VIC,0
Other,ages30to44,Female,gradDipDipCertIIIandIV,Kingsford Smith,NSW,0
LNP,ages45to59,Male,highSchoolorCertIorIIorLess,Corangamite,VIC,0
GRN,ages18to29,Female,bachelorDegree,Macnamara,VIC,0
ALP,ages18to29,Female,postgraduateDegree,Curtin,WA,1
ALP,ages18to29,Female,postgraduateDegree,Sydney,NSW,1
LNP,ages45to59,Male,gradDipDipCertIIIandIV,Riverina,NSW,0
ALP,ages45to59,Male,highSchoolorCertIorIIorLess,Fenner,ACT,1
LNP,ages45to59,Female,highSchoolorCertIorIIorLess,Page,NSW,0
Other,ages30to44,Male,highSchoolorCertIorIIorLess,Grey,SA,0
LNP,ages60plus,Male,highSchoolorCertIorIIorLess,Barker,SA,0
LNP,ages45to59,Female,highSchoolorCertIorIIorLess,Clark,TAS,0
Other,ages45to59,Female,highSchoolorCertIorIIorLess,Parkes,NSW,0
Other,ages45to59,Male,gradDipDipCertIIIandIV,New England,NSW,0
ALP,ages30to44,Female,postgraduateDegree,Cowper,NSW,1
ALP,ages60plus,Male,highSchoolorCertIorIIorLess,Capricornia,QLD,1
LNP,ages45to59,Male,bachelorDegree,Barker,SA,0
ALP,ages30to44,Female,gradDipDipCertIIIandIV,Durack,WA,1
ALP,ages18to29,Female,highSchoolorCertIorIIorLess,Dickson,QLD,1
Unsure,ages30to44,Female,highSchoolorCertIorIIorLess,Makin,SA,0
ALP,ages30to44,Male,gradDipDipCertIIIandIV,Bowman,QLD,1
ALP,ages45to59,Female,highSchoolorCertIorIIorLess,McEwen,VIC,1
ALP,ages18to29,Male,gradDipDipCertIIIandIV,Wannon,VIC,1
Other,ages45to59,Male,highSchoolorCertIorIIorLess,Grey,SA,0
Other,ages30to44,Male,bachelorDegree,Gilmore,NSW,0
LNP,ages30to44,Male,bachelorDegree,Wannon,VIC,0
Other,ages30to44,Male,highSchoolorCertIorIIorLess,O'Connor,WA,0
Other,ages45to59,Female,gradDipDipCertIIIandIV,Lalor,VIC,0
LNP,ages45to59,Male,highSchoolorCertIorIIorLess,Pearce,WA,0
Unsure,ages45to59,Male,gradDipDipCertIIIandIV,Hinkler,QLD,0
LNP,ages18to29,Female,bachelorDegree,Stirling,WA,0
LNP,ages60plus,Female,highSchoolorCertIorIIorLess,Monash,VIC,0
Unsure,ages45to59,Male,highSchoolorCertIorIIorLess,Gippsland,VIC,0
LNP,ages30to44,Female,gradDipDipCertIIIandIV,Grey,SA,0
Unsure,ages30to44,Female,bachelorDegree,Maribyrnong,VIC,0
LNP,ages30to44,Female,highSchoolorCertIorIIorLess,Dickson,QLD,0
LNP,ages18to29,Female,bachelorDegree,Dickson,QLD,0
Other,ages30to44,Male,highSchoolorCertIorIIorLess,Dickson,QLD,0
LNP,ages45to59,Male,gradDipDipCertIIIandIV,Parkes,NSW,0
LNP,ages45to59,Male,highSchoolorCertIorIIorLess,Griffith,QLD,0
Other,ages45to59,Male,bachelorDegree,Maranoa,QLD,0
LNP,ages45to59,Female,postgraduateDegree,Wannon,VIC,0
LNP,ages30to44,Female,highSchoolorCertIorIIorLess,Farrer,NSW,0
Unsure,ages45to59,Female,gradDipDipCertIIIandIV,Spence,SA,0
LNP,ages30to44,Male,highSchoolorCertIorIIorLess,Fairfax,QLD,0
Other,ages45to59,Male,gradDipDipCertIIIandIV,Kingston,SA,0
LNP,ages30to44,Male,highSchoolorCertIorIIorLess,Melbourne,VIC,0
LNP,ages18to29,Male,postgraduateDegree,Farrer,NSW,0
ALP,ages45to59,Female,highSchoolorCertIorIIorLess,O'Connor,WA,1
ALP,ages45to59,Male,gradDipDipCertIIIandIV,Paterson,NSW,1
GRN,ages30to44,Female,postgraduateDegree,Macquarie,NSW,0
LNP,ages60plus,Male,bachelorDegree,Robertson,NSW,0
LNP,ages30to44,Female,postgraduateDegree,Dawson,QLD,0
ALP,ages60plus,Male,postgraduateDegree,Fremantle,WA,1
LNP,ages45to59,Male,highSchoolorCertIorIIorLess,Parkes,NSW,0
ALP,ages45to59,Male,bachelorDegree,Scullin,VIC,1
ALP,ages30to44,Male,highSchoolorCertIorIIorLess,Ballarat,VIC,1
LNP,ages45to59,Male,bachelorDegree,Ryan,QLD,0
LNP,ages30to44,Male,bachelorDegree,Durack,WA,0
ALP,ages45to59,Female,postgraduateDegree,Greenway,NSW,1
Other,ages60plus,Male,highSchoolorCertIorIIorLess,Makin,SA,0
LNP,ages60plus,Female,highSchoolorCertIorIIorLess,Grey,SA,0
LNP,ages60plus,Male,highSchoolorCertIorIIorLess,Reid,NSW,0
Other,ages60plus,Male,bachelorDegree,Bendigo,VIC,0
ALP,ages30to44,Male,bachelorDegree,Fenner,ACT,1
ALP,ages30to44,Female,highSchoolorCertIorIIorLess,Page,NSW,1
LNP,ages45to59,Female,postgraduateDegree,Dickson,QLD,0
ALP,ages45to59,Male,postgraduateDegree,Grey,SA,1
LNP,ages45to59,Female,highSchoolorCertIorIIorLess,Deakin,VIC,0
GRN,ages45to59,Female,highSchoolorCertIorIIorLess,New England,NSW,0
LNP,ages30to44,Male,gradDipDipCertIIIandIV,Mayo,SA,0
LNP,ages30to44,Male,gradDipDipCertIIIandIV,Lyne,NSW,0
ALP,ages45to59,Male,gradDipDipCertIIIandIV,Paterson,NSW,1
LNP,ages45to59,Male,gradDipDipCertIIIandIV,Bowman,QLD,0
LNP,ages45to59,Male,postgraduateDegree,Bradfield,NSW,0
LNP,ages30to44,Male,postgraduateDegree,Hindmarsh,SA,0
GRN,ages30to44,Female,postgraduateDegree,Bowman,QLD,0
Other,ages30to44,Female,highSchoolorCertIorIIorLess,Banks,NSW,0
LNP,ages18to29,Male,highSchoolorCertIorIIorLess,Blair,QLD,0
GRN,ages18to29,Male,highSchoolorCertIorIIorLess,Lalor,VIC,0
LNP,ages18to29,Female,bachelorDegree,Rankin,QLD,0
ALP,ages18to29,Female,bachelorDegree,Lalor,VIC,1
LNP,ages30to44,Male,gradDipDipCertIIIandIV,Eden-Monaro,NSW,0
ALP,ages18to29,Male,gradDipDipCertIIIandIV,Casey,VIC,1
Unsure,ages18to29,Male,highSchoolorCertIorIIorLess,Deakin,VIC,0
LNP,ages18to29,Male,highSchoolorCertIorIIorLess,Casey,VIC,0
LNP,ages45to59,Female,highSchoolorCertIorIIorLess,Sturt,SA,0
GRN,ages45to59,Female,gradDipDipCertIIIandIV,Maribyrnong,VIC,0
GRN,ages18to29,Male,bachelorDegree,Moreton,QLD,0
GRN,ages30to44,Female,highSchoolorCertIorIIorLess,Fairfax,QLD,0
GRN,ages30to44,Female,highSchoolorCertIorIIorLess,Casey,VIC,0
Other,ages18to29,Male,bachelorDegree,Griffith,QLD,0
LNP,ages45to59,Male,highSchoolorCertIorIIorLess,Spence,SA,0
ALP,ages45to59,Male,bachelorDegree,Dobell,NSW,1
Other,ages30to44,Male,gradDipDipCertIIIandIV,Brand,WA,0
ALP,ages18to29,Female,bachelorDegree,Swan,WA,1
LNP,ages18to29,Male,highSchoolorCertIorIIorLess,Blaxland,NSW,0
ALP,ages18to29,Female,highSchoolorCertIorIIorLess,Aston,VIC,1
LNP,ages30to44,Male,bachelorDegree,Lilley,QLD,0
ALP,ages30to44,Female,bachelorDegree,Hume,NSW,1
LNP,ages45to59,Female,highSchoolorCertIorIIorLess,Paterson,NSW,0
GRN,ages18to29,Male,bachelorDegree,Bradfield,NSW,0
ALP,ages18to29,Female,bachelorDegree,Higgins,VIC,1
ALP,ages30to44,Male,gradDipDipCertIIIandIV,Swan,WA,1
Other,ages30to44,Male,gradDipDipCertIIIandIV,Wright,QLD,0
LNP,ages45to59,Male,bachelorDegree,Stirling,WA,0
ALP,ages18to29,Male,postgraduateDegree,Sydney,NSW,1
ALP,ages45to59,Female,gradDipDipCertIIIandIV,Wills,VIC,1
LNP,ages30to44,Female,highSchoolorCertIorIIorLess,Pearce,WA,0
ALP,ages18to29,Female,gradDipDipCertIIIandIV,Fadden,QLD,1
ALP,ages45to59,Female,gradDipDipCertIIIandIV,Brisbane,QLD,1
GRN,ages18to29,Female,bachelorDegree,Bean,ACT,0
ALP,ages18to29,Male,bachelorDegree,Jagajaga,VIC,1
LNP,ages30to44,Male,bachelorDegree,Pearce,WA,0
ALP,ages45to59,Female,bachelorDegree,Fairfax,QLD,1
Unsure,ages18to29,Male,bachelorDegree,Canberra,ACT,0
LNP,ages60plus,Male,highSchoolorCertIorIIorLess,Kingston,SA,0
GRN,ages45to59,Female,bachelorDegree,Robertson,NSW,0
Other,ages30to44,Male,highSchoolorCertIorIIorLess,Barker,SA,0
LNP,ages18to29,Male,postgraduateDegree,Groom,QLD,0
Other,ages45to59,Female,bachelorDegree,Mayo,SA,0
ALP,ages18to29,Male,highSchoolorCertIorIIorLess,Canberra,ACT,1
ALP,ages30to44,Female,gradDipDipCertIIIandIV,Richmond,NSW,1
GRN,ages18to29,Male,gradDipDipCertIIIandIV,Moreton,QLD,0
ALP,ages18to29,Female,bachelorDegree,Hughes,NSW,1
GRN,ages45to59,Female,gradDipDipCertIIIandIV,Canning,WA,0
LNP,ages18to29,Female,postgraduateDegree,Melbourne,VIC,0
GRN,ages18to29,Male,gradDipDipCertIIIandIV,Wills,VIC,0
Other,ages18to29,Male,postgraduateDegree,Boothby,SA,0
GRN,ages30to44,Male,postgraduateDegree,Chisholm,VIC,0
ALP,ages18to29,Male,bachelorDegree,Isaacs,VIC,1
LNP,ages18to29,Male,postgraduateDegree,Lalor,VIC,0
Other,ages45to59,Male,bachelorDegree,McPherson,QLD,0
ALP,ages18to29,Female,gradDipDipCertIIIandIV,Corangamite,VIC,1
LNP,ages18to29,Female,bachelorDegree,Boothby,SA,0
Unsure,ages18to29,Male,postgraduateDegree,Chifley,NSW,0
ALP,ages30to44,Male,highSchoolorCertIorIIorLess,Fremantle,WA,1
LNP,ages18to29,Female,highSchoolorCertIorIIorLess,Chisholm,VIC,0
GRN,ages18to29,Male,bachelorDegree,Grayndler,NSW,0
ALP,ages30to44,Male,highSchoolorCertIorIIorLess,Swan,WA,1
LNP,ages45to59,Female,bachelorDegree,Curtin,WA,0
LNP,ages18to29,Male,bachelorDegree,Monash,VIC,0
ALP,ages18to29,Female,highSchoolorCertIorIIorLess,Hotham,VIC,1
LNP,ages18to29,Female,bachelorDegree,Menzies,VIC,0
GRN,ages18to29,Male,bachelorDegree,Berowra,NSW,0
ALP,ages30to44,Female,gradDipDipCertIIIandIV,Lyne,NSW,1
LNP,ages18to29,Female,gradDipDipCertIIIandIV,Blair,QLD,0
GRN,ages45to59,Male,postgraduateDegree,Dobell,NSW,0
Other,ages18to29,Male,highSchoolorCertIorIIorLess,Canberra,ACT,0
ALP,ages45to59,Male,highSchoolorCertIorIIorLess,Cunningham,NSW,1
ALP,ages45to59,Male,bachelorDegree,Aston,VIC,1
GRN,ages30to44,Female,highSchoolorCertIorIIorLess,Mayo,SA,0
LNP,ages30to44,Male,postgraduateDegree,Jagajaga,VIC,0
ALP,ages30to44,Male,postgraduateDegree,Moore,WA,1
LNP,ages45to59,Female,gradDipDipCertIIIandIV,Lilley,QLD,0
LNP,ages18to29,Female,highSchoolorCertIorIIorLess,Corangamite,VIC,0
LNP,ages18to29,Female,bachelorDegree,Tangney,WA,0
GRN,ages30to44,Male,highSchoolorCertIorIIorLess,Sydney,NSW,0
LNP,ages18to29,Female,gradDipDipCertIIIandIV,Mitchell,NSW,0
ALP,ages45to59,Male,bachelorDegree,Blair,QLD,1
Unsure,ages30to44,Male,bachelorDegree,Cook,NSW,0
ALP,ages18to29,Female,bachelorDegree,Isaacs,VIC,1
ALP,ages30to44,Female,highSchoolorCertIorIIorLess,Parkes,NSW,1
GRN,ages18to29,Female,bachelorDegree,Dickson,QLD,0
LNP,ages30to44,Male,highSchoolorCertIorIIorLess,Fowler,NSW,0
GRN,ages18to29,Male,highSchoolorCertIorIIorLess,Calwell,VIC,0
GRN,ages18to29,Female,highSchoolorCertIorIIorLess,Cook,NSW,0
ALP,ages18to29,Female,postgraduateDegree,La Trobe,VIC,1
GRN,ages18to29,Female,bachelorDegree,Whitlam,NSW,0
GRN,ages30to44,Male,gradDipDipCertIIIandIV,Spence,SA,0
LNP,ages30to44,Female,highSchoolorCertIorIIorLess,Wide Bay,QLD,0
GRN,ages30to44,Female,highSchoolorCertIorIIorLess,Canning,WA,0
ALP,ages30to44,Female,gradDipDipCertIIIandIV,Blair,QLD,1
ALP,ages30to44,Female,gradDipDipCertIIIandIV,Franklin,TAS,1
LNP,ages18to29,Male,bachelorDegree,Higgins,VIC,0
Other,ages30to44,Male,gradDipDipCertIIIandIV,Mallee,VIC,0
ALP,ages30to44,Female,highSchoolorCertIorIIorLess,Barker,SA,1
Other,ages45to59,Female,highSchoolorCertIorIIorLess,Mayo,SA,0
ALP,ages30to44,Male,gradDipDipCertIIIandIV,Wannon,VIC,1
ALP,ages45to59,Male,gradDipDipCertIIIandIV,Jagajaga,VIC,1
LNP,ages60plus,Female,gradDipDipCertIIIandIV,Eden-Monaro,NSW,0
ALP,ages60plus,Female,postgraduateDegree,Durack,WA,1
ALP,ages30to44,Female,postgraduateDegree,Calare,NSW,1
LNP,ages30to44,Male,highSchoolorCertIorIIorLess,Cooper,VIC,0
LNP,ages18to29,Male,bachelorDegree,Chisholm,VIC,0
Unsure,ages30to44,Female,bachelorDegree,Calare,NSW,0
ALP,ages30to44,Female,bachelorDegree,Calare,NSW,1
LNP,ages18to29,Male,highSchoolorCertIorIIorLess,Capricornia,QLD,0
LNP,ages60plus,Male,highSchoolorCertIorIIorLess,Fisher,QLD,0
ALP,ages45to59,Male,gradDipDipCertIIIandIV,Canning,WA,1
GRN,ages18to29,Female,postgraduateDegree,Bradfield,NSW,0
Unsure,ages45to59,Female,postgraduateDegree,Fenner,ACT,0
Other,ages18to29,Male,highSchoolorCertIorIIorLess,Franklin,TAS,0
LNP,ages18to29,Male,highSchoolorCertIorIIorLess,Casey,VIC,0
LNP,ages30to44,Female,gradDipDipCertIIIandIV,Page,NSW,0
LNP,ages45to59,Female,gradDipDipCertIIIandIV,Fisher,QLD,0
Other,ages18to29,Male,postgraduateDegree,Chisholm,VIC,0
ALP,ages45to59,Male,postgraduateDegree,Dunkley,VIC,1
Other,ages18to29,Female,gradDipDipCertIIIandIV,Indi,VIC,0
GRN,ages18to29,Female,bachelorDegree,Fremantle,WA,0
GRN,ages18to29,Female,bachelorDegree,Dunkley,VIC,0
GRN,ages45to59,Male,highSchoolorCertIorIIorLess,Ballarat,VIC,0
LNP,ages30to44,Female,highSchoolorCertIorIIorLess,Lyne,NSW,0
Other,ages45to59,Male,gradDipDipCertIIIandIV,Wide Bay,QLD,0
LNP,ages30to44,Female,highSchoolorCertIorIIorLess,Moreton,QLD,0
ALP,ages45to59,Female,highSchoolorCertIorIIorLess,Dunkley,VIC,1
LNP,ages30to44,Female,bachelorDegree,McMahon,NSW,0
LNP,ages60plus,Female,gradDipDipCertIIIandIV,Curtin,WA,0
ALP,ages45to59,Female,highSchoolorCertIorIIorLess,Adelaide,SA,1
ALP,ages45to59,Female,gradDipDipCertIIIandIV,Corangamite,VIC,1
ALP,ages30to44,Male,gradDipDipCertIIIandIV,Longman,QLD,1
ALP,ages45to59,Male,bachelorDegree,Mayo,SA,1
LNP,ages45to59,Female,bachelorDegree,Aston,VIC,0
Other,ages18to29,Male,gradDipDipCertIIIandIV,Mayo,SA,0
ALP,ages18to29,Female,highSchoolorCertIorIIorLess,Wannon,VIC,1
ALP,ages30to44,Female,gradDipDipCertIIIandIV,Deakin,VIC,1
Other,ages30to44,Female,gradDipDipCertIIIandIV,Forrest,WA,0
ALP,ages30to44,Male,gradDipDipCertIIIandIV,Bowman,QLD,1
GRN,ages18to29,Male,highSchoolorCertIorIIorLess,Melbourne,VIC,0
ALP,ages30to44,Female,bachelorDegree,Adelaide,SA,1
LNP,ages45to59,Male,postgraduateDegree,Macquarie,NSW,0
ALP,ages60plus,Male,highSchoolorCertIorIIorLess,Shortland,NSW,1
ALP,ages30to44,Female,highSchoolorCertIorIIorLess,Spence,SA,1
LNP,ages18to29,Female,bachelorDegree,Hughes,NSW,0
LNP,ages45to59,Female,bachelorDegree,Tangney,WA,0
ALP,ages18to29,Female,postgraduateDegree,Clark,TAS,1
ALP,ages45to59,Female,postgraduateDegree,Adelaide,SA,1
ALP,ages45to59,Female,highSchoolorCertIorIIorLess,Kennedy,QLD,1
ALP,ages18to29,Female,gradDipDipCertIIIandIV,Adelaide,SA,1
Other,ages45to59,Female,gradDipDipCertIIIandIV,Braddon,TAS,0
LNP,ages18to29,Male,bachelorDegree,Ryan,QLD,0
LNP,ages60plus,Male,gradDipDipCertIIIandIV,Fremantle,WA,0
ALP,ages18to29,Male,bachelorDegree,Sturt,SA,1
ALP,ages30to44,Female,highSchoolorCertIorIIorLess,Corangamite,VIC,1
LNP,ages30to44,Female,gradDipDipCertIIIandIV,Casey,VIC,0
ALP,ages30to44,Male,highSchoolorCertIorIIorLess,Fraser,VIC,1
ALP,ages18to29,Female,highSchoolorCertIorIIorLess,Goldstein,VIC,1
LNP,ages18to29,Female,gradDipDipCertIIIandIV,O'Connor,WA,0
LNP,ages45to59,Male,postgraduateDegree,Mitchell,NSW,0
ALP,ages60plus,Female,highSchoolorCertIorIIorLess,Gippsland,VIC,1
LNP,ages30to44,Male,highSchoolorCertIorIIorLess,Leichhardt,QLD,0
LNP,ages30to44,Male,bachelorDegree,Cowan,WA,0
ALP,ages60plus,Female,highSchoolorCertIorIIorLess,Cunningham,NSW,1
ALP,ages18to29,Female,highSchoolorCertIorIIorLess,Riverina,NSW,1
ALP,ages18to29,Male,gradDipDipCertIIIandIV,Flynn,QLD,1
LNP,ages30to44,Female,highSchoolorCertIorIIorLess,Gilmore,NSW,0
GRN,ages18to29,Female,gradDipDipCertIIIandIV,Wills,VIC,0
GRN,ages18to29,Female,highSchoolorCertIorIIorLess,Melbourne,VIC,0
LNP,ages45to59,Male,gradDipDipCertIIIandIV,Bowman,QLD,0
GRN,ages18to29,Female,gradDipDipCertIIIandIV,Maribyrnong,VIC,0
ALP,ages18to29,Male,gradDipDipCertIIIandIV,Capricornia,QLD,1
Other,ages30to44,Female,highSchoolorCertIorIIorLess,Fadden,QLD,0
GRN,ages18to29,Male,postgraduateDegree,Grayndler,NSW,0
LNP,ages45to59,Male,gradDipDipCertIIIandIV,Hindmarsh,SA,0
LNP,ages30to44,Male,postgraduateDegree,Perth,WA,0
LNP,ages30to44,Male,postgraduateDegree,North Sydney,NSW,0
Other,ages18to29,Male,bachelorDegree,Griffith,QLD,0
ALP,ages18to29,Female,highSchoolorCertIorIIorLess,Chifley,NSW,1
LNP,ages45to59,Male,bachelorDegree,Richmond,NSW,0
ALP,ages45to59,Female,postgraduateDegree,Wentworth,NSW,1
LNP,ages30to44,Male,gradDipDipCertIIIandIV,Dobell,NSW,0
GRN,ages18to29,Male,gradDipDipCertIIIandIV,Brisbane,QLD,0
ALP,ages18to29,Male,bachelorDegree,Macarthur,NSW,1
Other,ages30to44,Male,highSchoolorCertIorIIorLess,Berowra,NSW,0
ALP,ages18to29,Female,postgraduateDegree,Cooper,VIC,1
GRN,ages18to29,Female,highSchoolorCertIorIIorLess,Robertson,NSW,0
GRN,ages18to29,Male,bachelorDegree,Cunningham,NSW,0
ALP,ages60plus,Male,bachelorDegree,Macquarie,NSW,1
LNP,ages45to59,Male,postgraduateDegree,Wannon,VIC,0
ALP,ages45to59,Female,postgraduateDegree,New England,NSW,1
ALP,ages45to59,Male,postgraduateDegree,Richmond,NSW,1
Other,ages45to59,Female,postgraduateDegree,Bendigo,VIC,0
LNP,ages45to59,Male,gradDipDipCertIIIandIV,Corangamite,VIC,0
LNP,ages30to44,Male,highSchoolorCertIorIIorLess,Farrer,NSW,0
Unsure,ages30to44,Female,highSchoolorCertIorIIorLess,Swan,WA,0
ALP,ages18to29,Male,highSchoolorCertIorIIorLess,Solomon,NT,1
Unsure,ages30to44,Female,postgraduateDegree,Sturt,SA,0
LNP,ages60plus,Male,highSchoolorCertIorIIorLess,Menzies,VIC,0
ALP,ages18to29,Male,gradDipDipCertIIIandIV,Cowper,NSW,1
ALP,ages18to29,Female,bachelorDegree,Curtin,WA,1
GRN,ages18to29,Male,highSchoolorCertIorIIorLess,Banks,NSW,0
ALP,ages18to29,Male,gradDipDipCertIIIandIV,Leichhardt,QLD,1
Unsure,ages30to44,Male,postgraduateDegree,Moore,WA,0
LNP,ages45to59,Male,highSchoolorCertIorIIorLess,Boothby,SA,0
ALP,ages18to29,Male,gradDipDipCertIIIandIV,Bendigo,VIC,1
ALP,ages30to44,Male,bachelorDegree,Berowra,NSW,1
ALP,ages45to59,Female,gradDipDipCertIIIandIV,Forde,QLD,1
ALP,ages18to29,Female,highSchoolorCertIorIIorLess,Mitchell,NSW,1
ALP,ages18to29,Male,highSchoolorCertIorIIorLess,Banks,NSW,1
ALP,ages18to29,Male,gradDipDipCertIIIandIV,La Trobe,VIC,1
LNP,ages18to29,Female,highSchoolorCertIorIIorLess,Solomon,NT,0
LNP,ages45to59,Male,highSchoolorCertIorIIorLess,Bowman,QLD,0
GRN,ages30to44,Female,bachelorDegree,Grayndler,NSW,0
Other,ages45to59,Male,gradDipDipCertIIIandIV,Shortland,NSW,0
LNP,ages18to29,Female,highSchoolorCertIorIIorLess,Parramatta,NSW,0
LNP,ages18to29,Female,postgraduateDegree,Forde,QLD,0
LNP,ages45to59,Female,gradDipDipCertIIIandIV,Lindsay,NSW,0
ALP,ages18to29,Male,highSchoolorCertIorIIorLess,Franklin,TAS,1
ALP,ages18to29,Male,highSchoolorCertIorIIorLess,Moore,WA,1
LNP,ages18to29,Male,highSchoolorCertIorIIorLess,O'Connor,WA,0
ALP,ages30to44,Male,postgraduateDegree,Hume,NSW,1
GRN,ages18to29,Female,postgraduateDegree,Ballarat,VIC,0
LNP,ages45to59,Female,bachelorDegree,Tangney,WA,0
GRN,ages18to29,Female,highSchoolorCertIorIIorLess,Newcastle,NSW,0
LNP,ages30to44,Male,highSchoolorCertIorIIorLess,Wills,VIC,0
LNP,ages18to29,Female,bachelorDegree,Blaxland,NSW,0
ALP,ages30to44,Female,highSchoolorCertIorIIorLess,Dobell,NSW,1
Other,ages30to44,Male,highSchoolorCertIorIIorLess,Braddon,TAS,0
LNP,ages30to44,Male,bachelorDegree,Fairfax,QLD,0
LNP,ages45to59,Male,postgraduateDegree,Dobell,NSW,0
ALP,ages30to44,Female,highSchoolorCertIorIIorLess,Wills,VIC,1
GRN,ages45to59,Female,postgraduateDegree,Ballarat,VIC,0
LNP,ages45to59,Male,highSchoolorCertIorIIorLess,Lyne,NSW,0
LNP,ages60plus,Female,highSchoolorCertIorIIorLess,Makin,SA,0
LNP,ages18to29,Female,bachelorDegree,Mackellar,NSW,0
ALP,ages18to29,Male,highSchoolorCertIorIIorLess,Solomon,NT,1
LNP,ages60plus,Male,highSchoolorCertIorIIorLess,Maranoa,QLD,0
LNP,ages45to59,Male,highSchoolorCertIorIIorLess,Gippsland,VIC,0
GRN,ages18to29,Male,postgraduateDegree,Wills,VIC,0
GRN,ages45to59,Female,gradDipDipCertIIIandIV,Bass,TAS,0
Other,ages18to29,Female,gradDipDipCertIIIandIV,Dunkley,VIC,0
ALP,ages45to59,Male,postgraduateDegree,Corangamite,VIC,1
LNP,ages60plus,Male,highSchoolorCertIorIIorLess,Hinkler,QLD,0
LNP,ages30to44,Male,gradDipDipCertIIIandIV,Hotham,VIC,0
LNP,ages30to44,Male,bachelorDegree,Curtin,WA,0
LNP,ages18to29,Male,highSchoolorCertIorIIorLess,Aston,VIC,0
LNP,ages45to59,Female,highSchoolorCertIorIIorLess,Shortland,NSW,0
Unsure,ages30to44,Female,highSchoolorCertIorIIorLess,Riverina,NSW,0
Unsure,ages30to44,Female,postgraduateDegree,Farrer,NSW,0
ALP,ages45to59,Male,gradDipDipCertIIIandIV,Wentworth,NSW,1
GRN,ages45to59,Male,highSchoolorCertIorIIorLess,Pearce,WA,0
Other,ages45to59,Male,gradDipDipCertIIIandIV,Richmond,NSW,0
LNP,ages18to29,Male,highSchoolorCertIorIIorLess,Fenner,ACT,0
GRN,ages45to59,Male,bachelorDegree,Hasluck,WA,0
GRN,ages30to44,Female,gradDipDipCertIIIandIV,Robertson,NSW,0
GRN,ages30to44,Male,bachelorDegree,Canberra,ACT,0
ALP,ages18to29,Female,postgraduateDegree,Holt,VIC,1
LNP,ages30to44,Male,highSchoolorCertIorIIorLess,Hasluck,WA,0
ALP,ages18to29,Male,gradDipDipCertIIIandIV,Cowper,NSW,1
GRN,ages18to29,Female,bachelorDegree,Forrest,WA,0
ALP,ages18to29,Male,highSchoolorCertIorIIorLess,Goldstein,VIC,1
GRN,ages18to29,Male,highSchoolorCertIorIIorLess,Fremantle,WA,0
GRN,ages18to29,Female,highSchoolorCertIorIIorLess,Dunkley,VIC,0
ALP,ages18to29,Male,gradDipDipCertIIIandIV,Swan,WA,1
GRN,ages18to29,Female,highSchoolorCertIorIIorLess,Melbourne,VIC,0
ALP,ages18to29,Female,highSchoolorCertIorIIorLess,Moreton,QLD,1
LNP,ages18to29,Female,highSchoolorCertIorIIorLess,Cowan,WA,0
ALP,ages18to29,Female,bachelorDegree,Macnamara,VIC,1
ALP,ages18to29,Male,gradDipDipCertIIIandIV,Perth,WA,1
Unsure,ages18to29,Male,bachelorDegree,Bruce,VIC,0
ALP,ages18to29,Female,gradDipDipCertIIIandIV,Watson,NSW,1
LNP,ages30to44,Female,bachelorDegree,New England,NSW,0
GRN,ages30to44,Female,postgraduateDegree,Curtin,WA,0
LNP,ages18to29,Male,postgraduateDegree,Whitlam,NSW,0
LNP,ages18to29,Female,highSchoolorCertIorIIorLess,Melbourne,VIC,0
Other,ages30to44,Male,gradDipDipCertIIIandIV,Macquarie,NSW,0
GRN,ages18to29,Male,gradDipDipCertIIIandIV,Griffith,QLD,0
Other,ages18to29,Male,gradDipDipCertIIIandIV,Wright,QLD,0
LNP,ages30to44,Male,highSchoolorCertIorIIorLess,Grayndler,NSW,0
ALP,ages18to29,Male,postgraduateDegree,Oxley,QLD,1
Other,ages18to29,Male,bachelorDegree,Wannon,VIC,0
ALP,ages18to29,Female,postgraduateDegree,Kooyong,VIC,1
ALP,ages30to44,Female,gradDipDipCertIIIandIV,Hindmarsh,SA,1
GRN,ages18to29,Male,gradDipDipCertIIIandIV,Watson,NSW,0
GRN,ages18to29,Male,highSchoolorCertIorIIorLess,Sydney,NSW,0
Other,ages30to44,Female,highSchoolorCertIorIIorLess,Blaxland,NSW,0
ALP,ages30to44,Female,highSchoolorCertIorIIorLess,Bonner,QLD,1
GRN,ages18to29,Female,highSchoolorCertIorIIorLess,Wills,VIC,0
GRN,ages18to29,Female,bachelorDegree,Griffith,QLD,0
ALP,ages18to29,Male,bachelorDegree,Bean,ACT,1
ALP,ages30to44,Female,postgraduateDegree,Berowra,NSW,1
GRN,ages18to29,Male,highSchoolorCertIorIIorLess,Gellibrand,VIC,0
GRN,ages18to29,Female,gradDipDipCertIIIandIV,Stirling,WA,0
GRN,ages18to29,Male,postgraduateDegree,Sydney,NSW,0
Unsure,ages30to44,Female,highSchoolorCertIorIIorLess,Grey,SA,0
ALP,ages18to29,Male,postgraduateDegree,Gorton,VIC,1
GRN,ages18to29,Female,bachelorDegree,Bonner,QLD,0
LNP,ages18to29,Female,bachelorDegree,Franklin,TAS,0
LNP,ages30to44,Female,postgraduateDegree,Adelaide,SA,0
ALP,ages30to44,Female,gradDipDipCertIIIandIV,Forde,QLD,1
Other,ages30to44,Male,gradDipDipCertIIIandIV,Melbourne,VIC,0
ALP,ages18to29,Female,bachelorDegree,Cooper,VIC,1
LNP,ages18to29,Female,highSchoolorCertIorIIorLess,Brisbane,QLD,0
ALP,ages18to29,Female,gradDipDipCertIIIandIV,Bennelong,NSW,1
ALP,ages18to29,Female,postgraduateDegree,Casey,VIC,1
ALP,ages30to44,Male,highSchoolorCertIorIIorLess,Hindmarsh,SA,1
LNP,ages18to29,Female,highSchoolorCertIorIIorLess,Deakin,VIC,0
Other,ages18to29,Male,gradDipDipCertIIIandIV,Herbert,QLD,0
LNP,ages30to44,Female,gradDipDipCertIIIandIV,Bendigo,VIC,0
GRN,ages18to29,Male,highSchoolorCertIorIIorLess,Shortland,NSW,0
GRN,ages18to29,Female,postgraduateDegree,Grayndler,NSW,0
ALP,ages18to29,Female,highSchoolorCertIorIIorLess,Casey,VIC,1
LNP,ages18to29,Male,highSchoolorCertIorIIorLess,Macquarie,NSW,0
ALP,ages30to44,Male,postgraduateDegree,Sydney,NSW,1
Other,ages18to29,Female,gradDipDipCertIIIandIV,Bradfield,NSW,0
ALP,ages18to29,Male,highSchoolorCertIorIIorLess,Chifley,NSW,1
LNP,ages30to44,Female,highSchoolorCertIorIIorLess,Bonner,QLD,0
ALP,ages18to29,Female,bachelorDegree,Hindmarsh,SA,1
LNP,ages18to29,Male,highSchoolorCertIorIIorLess,Sturt,SA,0
LNP,ages30to44,Female,gradDipDipCertIIIandIV,Eden-Monaro,NSW,0
LNP,ages18to29,Female,highSchoolorCertIorIIorLess,Bonner,QLD,0
GRN,ages18to29,Female,bachelorDegree,Adelaide,SA,0
ALP,ages18to29,Male,bachelorDegree,Mackellar,NSW,1
ALP,ages18to29,Female,postgraduateDegree,Kingston,SA,1
ALP,ages30to44,Male,highSchoolorCertIorIIorLess,Bruce,VIC,1
LNP,ages18to29,Female,bachelorDegree,Aston,VIC,0
Other,ages30to44,Male,gradDipDipCertIIIandIV,Leichhardt,QLD,0
GRN,ages18to29,Male,gradDipDipCertIIIandIV,Curtin,WA,0
ALP,ages18to29,Male,gradDipDipCertIIIandIV,Whitlam,NSW,1
Other,ages18to29,Female,postgraduateDegree,Mallee,VIC,0
LNP,ages30to44,Male,bachelorDegree,Dunkley,VIC,0
ALP,ages18to29,Male,highSchoolorCertIorIIorLess,Durack,WA,1
ALP,ages18to29,Female,bachelorDegree,Gorton,VIC,1
ALP,ages18to29,Female,highSchoolorCertIorIIorLess,Grayndler,NSW,1
ALP,ages18to29,Male,highSchoolorCertIorIIorLess,Canberra,ACT,1
LNP,ages18to29,Female,bachelorDegree,Parramatta,NSW,0
ALP,ages18to29,Female,highSchoolorCertIorIIorLess,Hunter,NSW,1
ALP,ages18to29,Female,highSchoolorCertIorIIorLess,Gilmore,NSW,1
ALP,ages18to29,Male,bachelorDegree,Adelaide,SA,1
GRN,ages18to29,Female,bachelorDegree,Cooper,VIC,0
ALP,ages30to44,Female,bachelorDegree,Warringah,NSW,1
GRN,ages18to29,Female,bachelorDegree,Lalor,VIC,0
ALP,ages30to44,Male,postgraduateDegree,Deakin,VIC,1
LNP,ages30to44,Male,gradDipDipCertIIIandIV,Petrie,QLD,0
GRN,ages18to29,Male,postgraduateDegree,Chifley,NSW,0
ALP,ages30to44,Male,bachelorDegree,Berowra,NSW,1
LNP,ages18to29,Male,highSchoolorCertIorIIorLess,Boothby,SA,0
ALP,ages18to29,Male,highSchoolorCertIorIIorLess,Barton,NSW,1
LNP,ages30to44,Male,bachelorDegree,North Sydney,NSW,0
LNP,ages18to29,Female,bachelorDegree,Cook,NSW,0
LNP,ages18to29,Female,bachelorDegree,Banks,NSW,0
ALP,ages18to29,Male,gradDipDipCertIIIandIV,La Trobe,VIC,1
LNP,ages30to44,Female,gradDipDipCertIIIandIV,Paterson,NSW,0
LNP,ages18to29,Male,postgraduateDegree,Oxley,QLD,0
GRN,ages18to29,Male,gradDipDipCertIIIandIV,Newcastle,NSW,0
Unsure,ages18to29,Male,bachelorDegree,Bennelong,NSW,0
LNP,ages18to29,Male,postgraduateDegree,Fremantle,WA,0
Other,ages18to29,Female,gradDipDipCertIIIandIV,Warringah,NSW,0
LNP,ages18to29,Female,highSchoolorCertIorIIorLess,Lyne,NSW,0
ALP,ages18to29,Male,bachelorDegree,Melbourne,VIC,1
GRN,ages18to29,Female,highSchoolorCertIorIIorLess,Melbourne,VIC,0
LNP,ages30to44,Male,gradDipDipCertIIIandIV,Blaxland,NSW,0
ALP,ages18to29,Male,highSchoolorCertIorIIorLess,Kingston,SA,1
LNP,ages18to29,Female,bachelorDegree,Indi,VIC,0
ALP,ages18to29,Female,bachelorDegree,Menzies,VIC,1
ALP,ages18to29,Male,postgraduateDegree,Higgins,VIC,1
LNP,ages30to44,Male,postgraduateDegree,La Trobe,VIC,0
ALP,ages30to44,Male,highSchoolorCertIorIIorLess,Macnamara,VIC,1
